传奇手游,激情打米打激情
罗马复兴,x不知_菜鸡互啄
舞蹈,172小姐姐~~9981584
热门游戏,罗马复兴直播小仙女
60,和平精英
音乐,会唱歌，会唠嗑，成都的
60,热门游戏
颜值,江苏小豌豆
颜值,钻粉卡 人间的青草地需要浇水
60,王者荣耀
颜值,希望你与幸运撞个满怀
和平精英,【钻粉2.5倍】一起see
颜值,纯情少女安静唱歌``
颜值,落日晚风的尽头
60,英雄联盟
莱西奥,王者荣耀
热门游戏,【猛男】单人4排最激情单口相声细节教学
二次元,周三周休一天，周四开播～
派对,【交友一厅】只为我而来
英雄联盟,十点半大龙机场刷新！ 巨龙族集合！！
60,金铲铲之战
30,热门游戏
派对,斗鱼大事件
户外,《ROGUE生存挑战Ⅱ》Day 12
60,lol云顶之弈
60,lol云顶之弈
30,lol云顶之弈
音乐,国粤情歌~早上好
30,lol云顶之弈
60,lol云顶之弈
和平精英,【新人主播，第一天直播】
舞蹈,你早起我早起咱俩迟早在一起
关羽,王者荣耀
60,DNF
热门游戏,【72-72】黑白双撒
颜值,早起晨跑的杨颖~
二次元,恶魔の低语：快睡吧小心秃头
主机其他游戏,努力的炮之成长
热门游戏,【呆猪】和朋友无上限合砍 不打完不下播
王者荣耀,高一刀：我说必上王者
派对,双倍亲密/进来喝杯茶吧~
颜值,【成都】不要慌 不要慌 太阳下山有月光。
lol云顶之弈,新版本的神！冲第一！
英雄联盟,熊子：峡谷稍微开始（表演）
英雄联盟,余小C：哥俩峡谷双排上大师！
派对,本厅由 阿轩 独冠
二次元,巅峰音质直播间
金铲铲之战,预告|20日17点jsl2下半程第二轮
和平精英,【重播】PEL春季赛总决赛
和平精英,【1喂4】全局细节讲解大师！
颜值,清晨第一缕阳光，唱歌
颜值,烟花哥哥最爱小巷末影 7052226
JJ斗地主,周四18点，山东好哥哥登场！
和平精英,开精英手册兑时装
英雄联盟,开砍！！！！！ 666743
颜值,一元粉丝牌：南国春风，佳人浅笑百花开~
英雄联盟,国一韩二顶级打野 顶级教学
金铲铲之战,七层魔盗团200金币两个妮蔻三星五费！
王者荣耀,我宣布 苦难结束
派对,【点唱】之绿生日快乐
音乐,傻笑的女孩运气不会差
生化危机4重制版,震惊!这游戏居然这么好玩!
王者荣耀,排位冲冲冲 5602519
热门游戏,【菊花】kakao服
颜值,广东脾气超好主播
派对,新厅由 猫猫 贾哥 楠楠冠名～！
英雄联盟,直播中:绝地求生空头流吃鸡
王者荣耀,射手单排上荣耀，教你怎么打爆对手
三国杀,三国杀真好玩！
户外,早8直播 斗鱼八卦乐子人
心动FM,双倍 缘来缘去，感谢相遇79
金铲铲之战,恭喜发财上线~看直播领648限定小小英雄
CS:GO,打打CSGO 开开船
DNF,开区之后军团，次元，缝纫机，51礼包！
派对,人间有味是清欢 11286051
派对,【缘家】全麦优质单身妹妹等你来
王者荣耀,八神；单排乱杀 中猛猛干
炉石传说,狗贼：标准狂野双传说！拿下！
炉石传说,我找到好玩的卡组啦！ 太有意思了！
颜值,不过五星不下播
热门游戏,【橙子】前职业单四全程钢枪高能视觉盛宴
LOL手游,82备战新赛季!
王者荣耀,8分钟一局24小时带粉上车
派对,斗鱼避难所
颜值,武汉清纯女孩做直播光宗耀祖
热门游戏,【QQQ】吃鸡耳机已上架斗鱼小店！
原神,鸣潮硬核测评！
王者荣耀,姬小满教学，边路霸主！
颜值,记录每一天相遇 第71天
DOTA2,【重播】DPC中国联赛 春季赛 A级联赛
王者荣耀,国服第一打野姬小满五排带粉
和平精英,【顶尖单4 直接起飞】
颜值,重庆第一委屈
颜值,阿牛冲冲冲
DOTA2,晚上五点蝌蚪杯~~~
热门游戏,我与塔科夫有个约定
lol云顶之弈,一个月不前十剃光头咯！
颜值,明天会更好 8932307
派对,校花交友颜值一厅
金铲铲之战,恭喜发财来咯~
炉石传说,今天回万五
金铲铲之战,1400分顶尖教学
颜值,武汉新来的女明星～
王者荣耀,新赛季国服赵云一打九！
热门游戏,【k1z】超级新手123
CF手游,浩然：巅峰冲
颜值,人要向前走 苦难才会后退~
舞蹈,风是自由的 希望你也是。
永劫无间,【aygg】备战锦鲤杯
王者荣耀,李白现在还有人去玩嘛？
颜值,榜一大哥卷铺盖走了 11471886
合金弹头：觉醒,开服新手养成思路
王者荣耀,国服第一猴 再不学操作就晚了
金铲铲之战,恭喜发财！红包呢？
颜值,电费奋斗史
派对,距你0.01km~/当前5个好友共同关注
合金弹头：觉醒,【杰尼】全能！
DNF,"回归帮毕业,缝纫机碰瓷随便跑"
颜值,美丽坏女人~
英雄联盟,开砍开砍开砍开砍开砍开砍开砍开砍开砍开砍
王者荣耀,诸葛亮0基础一周上国榜 今天主打排位上星
英雄联盟,维鲁斯塞纳狗
舞蹈,【摸爬滚打的第N天】
心动FM,【双倍】不被定义的社恐美少女~7815
传奇手游,激情打米打激情
罗马复兴,x不知_菜鸡互啄
舞蹈,172小姐姐~~9981584
热门游戏,罗马复兴直播小仙女
60,和平精英
音乐,会唱歌，会唠嗑，成都的
60,热门游戏
颜值,江苏小豌豆
颜值,钻粉卡 人间的青草地需要浇水
60,王者荣耀
颜值,希望你与幸运撞个满怀
和平精英,【钻粉2.5倍】一起see
颜值,纯情少女安静唱歌``
颜值,落日晚风的尽头
60,英雄联盟
莱西奥,王者荣耀
热门游戏,【猛男】单人4排最激情单口相声细节教学
二次元,周三周休一天，周四开播～
派对,【交友一厅】只为我而来
英雄联盟,十点半大龙机场刷新！ 巨龙族集合！！
60,金铲铲之战
30,热门游戏
派对,斗鱼大事件
户外,《ROGUE生存挑战Ⅱ》Day 12
60,lol云顶之弈
60,lol云顶之弈
30,lol云顶之弈
音乐,国粤情歌~早上好
30,lol云顶之弈
60,lol云顶之弈
和平精英,【新人主播，第一天直播】
舞蹈,你早起我早起咱俩迟早在一起
关羽,王者荣耀
60,DNF
热门游戏,【72-72】黑白双撒
颜值,早起晨跑的杨颖~
二次元,恶魔の低语：快睡吧小心秃头
主机其他游戏,努力的炮之成长
热门游戏,【呆猪】和朋友无上限合砍 不打完不下播
王者荣耀,高一刀：我说必上王者
派对,双倍亲密/进来喝杯茶吧~
颜值,【成都】不要慌 不要慌 太阳下山有月光。
lol云顶之弈,新版本的神！冲第一！
英雄联盟,熊子：峡谷稍微开始（表演）
英雄联盟,余小C：哥俩峡谷双排上大师！
派对,本厅由 阿轩 独冠
二次元,巅峰音质直播间
金铲铲之战,预告|20日17点jsl2下半程第二轮
和平精英,【重播】PEL春季赛总决赛
和平精英,【1喂4】全局细节讲解大师！
颜值,清晨第一缕阳光，唱歌
颜值,烟花哥哥最爱小巷末影 7052226
JJ斗地主,周四18点，山东好哥哥登场！
和平精英,开精英手册兑时装
英雄联盟,开砍！！！！！ 666743
颜值,一元粉丝牌：南国春风，佳人浅笑百花开~
英雄联盟,国一韩二顶级打野 顶级教学
金铲铲之战,七层魔盗团200金币两个妮蔻三星五费！
王者荣耀,我宣布 苦难结束
派对,【点唱】之绿生日快乐
音乐,傻笑的女孩运气不会差
生化危机4重制版,震惊!这游戏居然这么好玩!
王者荣耀,排位冲冲冲 5602519
热门游戏,【菊花】kakao服
颜值,广东脾气超好主播
派对,新厅由 猫猫 贾哥 楠楠冠名～！
英雄联盟,直播中:绝地求生空头流吃鸡
王者荣耀,射手单排上荣耀，教你怎么打爆对手
三国杀,三国杀真好玩！
户外,早8直播 斗鱼八卦乐子人
心动FM,双倍 缘来缘去，感谢相遇79
金铲铲之战,恭喜发财上线~看直播领648限定小小英雄
CS:GO,打打CSGO 开开船
DNF,开区之后军团，次元，缝纫机，51礼包！
派对,人间有味是清欢 11286051
派对,【缘家】全麦优质单身妹妹等你来
王者荣耀,八神；单排乱杀 中猛猛干
炉石传说,狗贼：标准狂野双传说！拿下！
炉石传说,我找到好玩的卡组啦！ 太有意思了！
颜值,不过五星不下播
热门游戏,【橙子】前职业单四全程钢枪高能视觉盛宴
LOL手游,82备战新赛季!
王者荣耀,8分钟一局24小时带粉上车
派对,斗鱼避难所
颜值,武汉清纯女孩做直播光宗耀祖
热门游戏,【QQQ】吃鸡耳机已上架斗鱼小店！
原神,鸣潮硬核测评！
王者荣耀,姬小满教学，边路霸主！
颜值,记录每一天相遇 第71天
DOTA2,【重播】DPC中国联赛 春季赛 A级联赛
王者荣耀,国服第一打野姬小满五排带粉
和平精英,【顶尖单4 直接起飞】
颜值,重庆第一委屈
颜值,阿牛冲冲冲
60,DOTA2
60,热门游戏
60,lol云顶之弈
颜值,明天会更好 8932307
派对,校花交友颜值一厅
60,金铲铲之战
60,炉石传说
60,金铲铲之战
颜值,武汉新来的女明星～
赵云,王者荣耀
60,热门游戏
CF手游,浩然：巅峰冲
颜值,人要向前走 苦难才会后退~
舞蹈,风是自由的 希望你也是。
永劫无间,【aygg】备战锦鲤杯
李白,王者荣耀
颜值,榜一大哥卷铺盖走了 11471886
合金弹头：觉醒,开服新手养成思路
孙悟空,王者荣耀
50,金铲铲之战
颜值,电费奋斗史
派对,距你0.01km~/当前5个好友共同关注
合金弹头：觉醒,【杰尼】全能！
30,DNF
颜值,美丽坏女人~
60,英雄联盟
白起,王者荣耀
60,英雄联盟
舞蹈,【摸爬滚打的第N天】
心动FM,【双倍】不被定义的社恐美少女~7815
传奇手游,激情打米打激情
罗马复兴,x不知_菜鸡互啄
舞蹈,172小姐姐~~9981584
热门游戏,罗马复兴直播小仙女
60,和平精英
音乐,会唱歌，会唠嗑，成都的
60,热门游戏
颜值,江苏小豌豆
颜值,钻粉卡 人间的青草地需要浇水
60,王者荣耀
颜值,希望你与幸运撞个满怀
和平精英,【钻粉2.5倍】一起see
颜值,纯情少女安静唱歌``
颜值,落日晚风的尽头
60,英雄联盟
莱西奥,王者荣耀
热门游戏,【猛男】单人4排最激情单口相声细节教学
二次元,周三周休一天，周四开播～
派对,【交友一厅】只为我而来
英雄联盟,十点半大龙机场刷新！ 巨龙族集合！！
60,金铲铲之战
30,热门游戏
派对,斗鱼大事件
户外,《ROGUE生存挑战Ⅱ》Day 12
60,lol云顶之弈
60,lol云顶之弈
30,lol云顶之弈
音乐,国粤情歌~早上好
30,lol云顶之弈
60,lol云顶之弈
和平精英,【新人主播，第一天直播】
舞蹈,你早起我早起咱俩迟早在一起
关羽,王者荣耀
60,DNF
热门游戏,【72-72】黑白双撒
颜值,早起晨跑的杨颖~
二次元,恶魔の低语：快睡吧小心秃头
主机其他游戏,努力的炮之成长
热门游戏,【呆猪】和朋友无上限合砍 不打完不下播
王者荣耀,高一刀：我说必上王者
派对,双倍亲密/进来喝杯茶吧~
颜值,【成都】不要慌 不要慌 太阳下山有月光。
lol云顶之弈,新版本的神！冲第一！
英雄联盟,熊子：峡谷稍微开始（表演）
英雄联盟,余小C：哥俩峡谷双排上大师！
派对,本厅由 阿轩 独冠
二次元,巅峰音质直播间
金铲铲之战,预告|20日17点jsl2下半程第二轮
和平精英,【重播】PEL春季赛总决赛
和平精英,【1喂4】全局细节讲解大师！
颜值,清晨第一缕阳光，唱歌
颜值,烟花哥哥最爱小巷末影 7052226
JJ斗地主,周四18点，山东好哥哥登场！
和平精英,开精英手册兑时装
英雄联盟,开砍！！！！！ 666743
颜值,一元粉丝牌：南国春风，佳人浅笑百花开~
英雄联盟,国一韩二顶级打野 顶级教学
金铲铲之战,七层魔盗团200金币两个妮蔻三星五费！
王者荣耀,我宣布 苦难结束
派对,【点唱】之绿生日快乐
音乐,傻笑的女孩运气不会差
生化危机4重制版,震惊!这游戏居然这么好玩!
王者荣耀,排位冲冲冲 5602519
热门游戏,【菊花】kakao服
颜值,广东脾气超好主播
派对,新厅由 猫猫 贾哥 楠楠冠名～！
英雄联盟,直播中:绝地求生空头流吃鸡
王者荣耀,射手单排上荣耀，教你怎么打爆对手
三国杀,三国杀真好玩！
户外,早8直播 斗鱼八卦乐子人
心动FM,双倍 缘来缘去，感谢相遇79
金铲铲之战,恭喜发财上线~看直播领648限定小小英雄
CS:GO,打打CSGO 开开船
DNF,开区之后军团，次元，缝纫机，51礼包！
派对,人间有味是清欢 11286051
派对,【缘家】全麦优质单身妹妹等你来
王者荣耀,八神；单排乱杀 中猛猛干
炉石传说,狗贼：标准狂野双传说！拿下！
炉石传说,我找到好玩的卡组啦！ 太有意思了！
颜值,不过五星不下播
热门游戏,【橙子】前职业单四全程钢枪高能视觉盛宴
LOL手游,82备战新赛季!
王者荣耀,8分钟一局24小时带粉上车
派对,斗鱼避难所
颜值,武汉清纯女孩做直播光宗耀祖
热门游戏,【QQQ】吃鸡耳机已上架斗鱼小店！
原神,鸣潮硬核测评！
王者荣耀,姬小满教学，边路霸主！
颜值,记录每一天相遇 第71天
DOTA2,【重播】DPC中国联赛 春季赛 A级联赛
王者荣耀,国服第一打野姬小满五排带粉
和平精英,【顶尖单4 直接起飞】
颜值,重庆第一委屈
颜值,阿牛冲冲冲
60,DOTA2
60,热门游戏
60,lol云顶之弈
颜值,明天会更好 8932307
派对,校花交友颜值一厅
60,金铲铲之战
60,炉石传说
60,金铲铲之战
颜值,武汉新来的女明星～
赵云,王者荣耀
60,热门游戏
CF手游,浩然：巅峰冲
颜值,人要向前走 苦难才会后退~
舞蹈,风是自由的 希望你也是。
永劫无间,【aygg】备战锦鲤杯
李白,王者荣耀
颜值,榜一大哥卷铺盖走了 11471886
合金弹头：觉醒,开服新手养成思路
孙悟空,王者荣耀
50,金铲铲之战
颜值,电费奋斗史
派对,距你0.01km~/当前5个好友共同关注
合金弹头：觉醒,【杰尼】全能！
30,DNF
颜值,美丽坏女人~
60,英雄联盟
白起,王者荣耀
60,英雄联盟
舞蹈,【摸爬滚打的第N天】
心动FM,【双倍】不被定义的社恐美少女~7815
传奇手游,激情打米打激情
罗马复兴,x不知_菜鸡互啄
舞蹈,172小姐姐~~9981584
热门游戏,罗马复兴直播小仙女
60,和平精英
音乐,会唱歌，会唠嗑，成都的
60,热门游戏
颜值,江苏小豌豆
颜值,钻粉卡 人间的青草地需要浇水
60,王者荣耀
颜值,希望你与幸运撞个满怀
和平精英,【钻粉2.5倍】一起see
颜值,纯情少女安静唱歌``
颜值,落日晚风的尽头
60,英雄联盟
莱西奥,王者荣耀
热门游戏,【猛男】单人4排最激情单口相声细节教学
二次元,周三周休一天，周四开播～
派对,【交友一厅】只为我而来
英雄联盟,十点半大龙机场刷新！ 巨龙族集合！！
60,金铲铲之战
30,热门游戏
派对,斗鱼大事件
户外,《ROGUE生存挑战Ⅱ》Day 12
60,lol云顶之弈
60,lol云顶之弈
30,lol云顶之弈
音乐,国粤情歌~早上好
30,lol云顶之弈
60,lol云顶之弈
和平精英,【新人主播，第一天直播】
舞蹈,你早起我早起咱俩迟早在一起
关羽,王者荣耀
60,DNF
热门游戏,【72-72】黑白双撒
颜值,早起晨跑的杨颖~
二次元,恶魔の低语：快睡吧小心秃头
主机其他游戏,努力的炮之成长
热门游戏,【呆猪】和朋友无上限合砍 不打完不下播
王者荣耀,高一刀：我说必上王者
派对,双倍亲密/进来喝杯茶吧~
颜值,【成都】不要慌 不要慌 太阳下山有月光。
lol云顶之弈,新版本的神！冲第一！
英雄联盟,熊子：峡谷稍微开始（表演）
英雄联盟,余小C：哥俩峡谷双排上大师！
派对,本厅由 阿轩 独冠
二次元,巅峰音质直播间
金铲铲之战,预告|20日17点jsl2下半程第二轮
和平精英,【重播】PEL春季赛总决赛
和平精英,【1喂4】全局细节讲解大师！
颜值,清晨第一缕阳光，唱歌
颜值,烟花哥哥最爱小巷末影 7052226
JJ斗地主,周四18点，山东好哥哥登场！
和平精英,开精英手册兑时装
英雄联盟,开砍！！！！！ 666743
颜值,一元粉丝牌：南国春风，佳人浅笑百花开~
英雄联盟,国一韩二顶级打野 顶级教学
金铲铲之战,七层魔盗团200金币两个妮蔻三星五费！
王者荣耀,我宣布 苦难结束
派对,【点唱】之绿生日快乐
音乐,傻笑的女孩运气不会差
生化危机4重制版,震惊!这游戏居然这么好玩!
王者荣耀,排位冲冲冲 5602519
热门游戏,【菊花】kakao服
颜值,广东脾气超好主播
派对,新厅由 猫猫 贾哥 楠楠冠名～！
英雄联盟,直播中:绝地求生空头流吃鸡
王者荣耀,射手单排上荣耀，教你怎么打爆对手
三国杀,三国杀真好玩！
户外,早8直播 斗鱼八卦乐子人
心动FM,双倍 缘来缘去，感谢相遇79
金铲铲之战,恭喜发财上线~看直播领648限定小小英雄
CS:GO,打打CSGO 开开船
DNF,开区之后军团，次元，缝纫机，51礼包！
派对,人间有味是清欢 11286051
派对,【缘家】全麦优质单身妹妹等你来
王者荣耀,八神；单排乱杀 中猛猛干
炉石传说,狗贼：标准狂野双传说！拿下！
炉石传说,我找到好玩的卡组啦！ 太有意思了！
颜值,不过五星不下播
热门游戏,【橙子】前职业单四全程钢枪高能视觉盛宴
LOL手游,82备战新赛季!
王者荣耀,8分钟一局24小时带粉上车
派对,斗鱼避难所
颜值,武汉清纯女孩做直播光宗耀祖
热门游戏,【QQQ】吃鸡耳机已上架斗鱼小店！
原神,鸣潮硬核测评！
王者荣耀,姬小满教学，边路霸主！
颜值,记录每一天相遇 第71天
DOTA2,【重播】DPC中国联赛 春季赛 A级联赛
王者荣耀,国服第一打野姬小满五排带粉
和平精英,【顶尖单4 直接起飞】
颜值,重庆第一委屈
颜值,阿牛冲冲冲
60,DOTA2
60,热门游戏
60,lol云顶之弈
颜值,明天会更好 8932307
派对,校花交友颜值一厅
60,金铲铲之战
60,炉石传说
60,金铲铲之战
颜值,武汉新来的女明星～
赵云,王者荣耀
60,热门游戏
CF手游,浩然：巅峰冲
颜值,人要向前走 苦难才会后退~
舞蹈,风是自由的 希望你也是。
永劫无间,【aygg】备战锦鲤杯
李白,王者荣耀
颜值,榜一大哥卷铺盖走了 11471886
合金弹头：觉醒,开服新手养成思路
孙悟空,王者荣耀
50,金铲铲之战
颜值,电费奋斗史
派对,距你0.01km~/当前5个好友共同关注
合金弹头：觉醒,【杰尼】全能！
30,DNF
颜值,美丽坏女人~
60,英雄联盟
白起,王者荣耀
60,英雄联盟
舞蹈,【摸爬滚打的第N天】
心动FM,【双倍】不被定义的社恐美少女~7815
传奇手游,激情打米打激情
罗马复兴,x不知_菜鸡互啄
舞蹈,172小姐姐~~9981584
热门游戏,罗马复兴直播小仙女
60,和平精英
音乐,会唱歌，会唠嗑，成都的
60,热门游戏
颜值,江苏小豌豆
颜值,钻粉卡 人间的青草地需要浇水
60,王者荣耀
颜值,希望你与幸运撞个满怀
和平精英,【钻粉2.5倍】一起see
颜值,纯情少女安静唱歌``
颜值,落日晚风的尽头
60,英雄联盟
莱西奥,王者荣耀
热门游戏,【猛男】单人4排最激情单口相声细节教学
二次元,周三周休一天，周四开播～
派对,【交友一厅】只为我而来
英雄联盟,十点半大龙机场刷新！ 巨龙族集合！！
60,金铲铲之战
30,热门游戏
派对,斗鱼大事件
户外,《ROGUE生存挑战Ⅱ》Day 12
60,lol云顶之弈
60,lol云顶之弈
30,lol云顶之弈
音乐,国粤情歌~早上好
30,lol云顶之弈
60,lol云顶之弈
和平精英,【新人主播，第一天直播】
舞蹈,你早起我早起咱俩迟早在一起
关羽,王者荣耀
60,DNF
热门游戏,【72-72】黑白双撒
颜值,早起晨跑的杨颖~
二次元,恶魔の低语：快睡吧小心秃头
主机其他游戏,努力的炮之成长
热门游戏,【呆猪】和朋友无上限合砍 不打完不下播
王者荣耀,高一刀：我说必上王者
派对,双倍亲密/进来喝杯茶吧~
颜值,【成都】不要慌 不要慌 太阳下山有月光。
lol云顶之弈,新版本的神！冲第一！
英雄联盟,熊子：峡谷稍微开始（表演）
英雄联盟,余小C：哥俩峡谷双排上大师！
派对,本厅由 阿轩 独冠
二次元,巅峰音质直播间
金铲铲之战,预告|20日17点jsl2下半程第二轮
和平精英,【重播】PEL春季赛总决赛
和平精英,【1喂4】全局细节讲解大师！
颜值,清晨第一缕阳光，唱歌
颜值,烟花哥哥最爱小巷末影 7052226
JJ斗地主,周四18点，山东好哥哥登场！
和平精英,开精英手册兑时装
英雄联盟,开砍！！！！！ 666743
颜值,一元粉丝牌：南国春风，佳人浅笑百花开~
英雄联盟,国一韩二顶级打野 顶级教学
金铲铲之战,七层魔盗团200金币两个妮蔻三星五费！
王者荣耀,我宣布 苦难结束
派对,【点唱】之绿生日快乐
音乐,傻笑的女孩运气不会差
生化危机4重制版,震惊!这游戏居然这么好玩!
王者荣耀,排位冲冲冲 5602519
热门游戏,【菊花】kakao服
颜值,广东脾气超好主播
派对,新厅由 猫猫 贾哥 楠楠冠名～！
英雄联盟,直播中:绝地求生空头流吃鸡
王者荣耀,射手单排上荣耀，教你怎么打爆对手
三国杀,三国杀真好玩！
户外,早8直播 斗鱼八卦乐子人
心动FM,双倍 缘来缘去，感谢相遇79
金铲铲之战,恭喜发财上线~看直播领648限定小小英雄
CS:GO,打打CSGO 开开船
DNF,开区之后军团，次元，缝纫机，51礼包！
派对,人间有味是清欢 11286051
派对,【缘家】全麦优质单身妹妹等你来
王者荣耀,八神；单排乱杀 中猛猛干
炉石传说,狗贼：标准狂野双传说！拿下！
炉石传说,我找到好玩的卡组啦！ 太有意思了！
颜值,不过五星不下播
热门游戏,【橙子】前职业单四全程钢枪高能视觉盛宴
LOL手游,82备战新赛季!
王者荣耀,8分钟一局24小时带粉上车
派对,斗鱼避难所
颜值,武汉清纯女孩做直播光宗耀祖
热门游戏,【QQQ】吃鸡耳机已上架斗鱼小店！
原神,鸣潮硬核测评！
王者荣耀,姬小满教学，边路霸主！
颜值,记录每一天相遇 第71天
DOTA2,【重播】DPC中国联赛 春季赛 A级联赛
王者荣耀,国服第一打野姬小满五排带粉
和平精英,【顶尖单4 直接起飞】
颜值,重庆第一委屈
颜值,阿牛冲冲冲
60,DOTA2
60,热门游戏
60,lol云顶之弈
颜值,明天会更好 8932307
派对,校花交友颜值一厅
60,金铲铲之战
60,炉石传说
60,金铲铲之战
颜值,武汉新来的女明星～
赵云,王者荣耀
60,热门游戏
CF手游,浩然：巅峰冲
颜值,人要向前走 苦难才会后退~
舞蹈,风是自由的 希望你也是。
永劫无间,【aygg】备战锦鲤杯
李白,王者荣耀
颜值,榜一大哥卷铺盖走了 11471886
合金弹头：觉醒,开服新手养成思路
孙悟空,王者荣耀
50,金铲铲之战
颜值,电费奋斗史
派对,距你0.01km~/当前5个好友共同关注
合金弹头：觉醒,【杰尼】全能！
30,DNF
颜值,美丽坏女人~
60,英雄联盟
白起,王者荣耀
60,英雄联盟
舞蹈,【摸爬滚打的第N天】
心动FM,【双倍】不被定义的社恐美少女~7815
传奇手游,激情打米打激情
罗马复兴,x不知_菜鸡互啄
舞蹈,172小姐姐~~9981584
热门游戏,罗马复兴直播小仙女
60,和平精英
音乐,会唱歌，会唠嗑，成都的
60,热门游戏
颜值,江苏小豌豆
颜值,钻粉卡 人间的青草地需要浇水
60,王者荣耀
颜值,希望你与幸运撞个满怀
和平精英,【钻粉2.5倍】一起see
颜值,纯情少女安静唱歌``
颜值,落日晚风的尽头
60,英雄联盟
莱西奥,王者荣耀
热门游戏,【猛男】单人4排最激情单口相声细节教学
二次元,周三周休一天，周四开播～
派对,【交友一厅】只为我而来
英雄联盟,十点半大龙机场刷新！ 巨龙族集合！！
60,金铲铲之战
30,热门游戏
派对,斗鱼大事件
户外,《ROGUE生存挑战Ⅱ》Day 12
60,lol云顶之弈
60,lol云顶之弈
30,lol云顶之弈
音乐,国粤情歌~早上好
30,lol云顶之弈
60,lol云顶之弈
和平精英,【新人主播，第一天直播】
舞蹈,你早起我早起咱俩迟早在一起
关羽,王者荣耀
60,DNF
热门游戏,【72-72】黑白双撒
颜值,早起晨跑的杨颖~
二次元,恶魔の低语：快睡吧小心秃头
主机其他游戏,努力的炮之成长
热门游戏,【呆猪】和朋友无上限合砍 不打完不下播
王者荣耀,高一刀：我说必上王者
派对,双倍亲密/进来喝杯茶吧~
颜值,【成都】不要慌 不要慌 太阳下山有月光。
lol云顶之弈,新版本的神！冲第一！
英雄联盟,熊子：峡谷稍微开始（表演）
英雄联盟,余小C：哥俩峡谷双排上大师！
派对,本厅由 阿轩 独冠
二次元,巅峰音质直播间
金铲铲之战,预告|20日17点jsl2下半程第二轮
和平精英,【重播】PEL春季赛总决赛
和平精英,【1喂4】全局细节讲解大师！
颜值,清晨第一缕阳光，唱歌
颜值,烟花哥哥最爱小巷末影 7052226
JJ斗地主,周四18点，山东好哥哥登场！
和平精英,开精英手册兑时装
英雄联盟,开砍！！！！！ 666743
颜值,一元粉丝牌：南国春风，佳人浅笑百花开~
英雄联盟,国一韩二顶级打野 顶级教学
金铲铲之战,七层魔盗团200金币两个妮蔻三星五费！
王者荣耀,我宣布 苦难结束
派对,【点唱】之绿生日快乐
音乐,傻笑的女孩运气不会差
生化危机4重制版,震惊!这游戏居然这么好玩!
王者荣耀,排位冲冲冲 5602519
热门游戏,【菊花】kakao服
颜值,广东脾气超好主播
派对,新厅由 猫猫 贾哥 楠楠冠名～！
英雄联盟,直播中:绝地求生空头流吃鸡
王者荣耀,射手单排上荣耀，教你怎么打爆对手
三国杀,三国杀真好玩！
户外,早8直播 斗鱼八卦乐子人
心动FM,双倍 缘来缘去，感谢相遇79
金铲铲之战,恭喜发财上线~看直播领648限定小小英雄
CS:GO,打打CSGO 开开船
DNF,开区之后军团，次元，缝纫机，51礼包！
派对,人间有味是清欢 11286051
派对,【缘家】全麦优质单身妹妹等你来
王者荣耀,八神；单排乱杀 中猛猛干
炉石传说,狗贼：标准狂野双传说！拿下！
炉石传说,我找到好玩的卡组啦！ 太有意思了！
颜值,不过五星不下播
热门游戏,【橙子】前职业单四全程钢枪高能视觉盛宴
LOL手游,82备战新赛季!
王者荣耀,8分钟一局24小时带粉上车
派对,斗鱼避难所
颜值,武汉清纯女孩做直播光宗耀祖
热门游戏,【QQQ】吃鸡耳机已上架斗鱼小店！
原神,鸣潮硬核测评！
王者荣耀,姬小满教学，边路霸主！
颜值,记录每一天相遇 第71天
DOTA2,【重播】DPC中国联赛 春季赛 A级联赛
王者荣耀,国服第一打野姬小满五排带粉
和平精英,【顶尖单4 直接起飞】
颜值,重庆第一委屈
颜值,阿牛冲冲冲
60,DOTA2
60,热门游戏
60,lol云顶之弈
颜值,明天会更好 8932307
派对,校花交友颜值一厅
60,金铲铲之战
60,炉石传说
60,金铲铲之战
颜值,武汉新来的女明星～
赵云,王者荣耀
60,热门游戏
CF手游,浩然：巅峰冲
颜值,人要向前走 苦难才会后退~
舞蹈,风是自由的 希望你也是。
永劫无间,【aygg】备战锦鲤杯
李白,王者荣耀
颜值,榜一大哥卷铺盖走了 11471886
合金弹头：觉醒,开服新手养成思路
孙悟空,王者荣耀
50,金铲铲之战
颜值,电费奋斗史
派对,距你0.01km~/当前5个好友共同关注
合金弹头：觉醒,【杰尼】全能！
30,DNF
颜值,美丽坏女人~
60,英雄联盟
白起,王者荣耀
60,英雄联盟
舞蹈,【摸爬滚打的第N天】
心动FM,【双倍】不被定义的社恐美少女~7815
传奇手游,激情打米打激情
罗马复兴,x不知_菜鸡互啄
舞蹈,172小姐姐~~9981584
热门游戏,罗马复兴直播小仙女
60,和平精英
音乐,会唱歌，会唠嗑，成都的
60,热门游戏
颜值,江苏小豌豆
颜值,钻粉卡 人间的青草地需要浇水
60,王者荣耀
颜值,希望你与幸运撞个满怀
和平精英,【钻粉2.5倍】一起see
颜值,纯情少女安静唱歌``
颜值,落日晚风的尽头
60,英雄联盟
莱西奥,王者荣耀
热门游戏,【猛男】单人4排最激情单口相声细节教学
二次元,周三周休一天，周四开播～
派对,【交友一厅】只为我而来
英雄联盟,十点半大龙机场刷新！ 巨龙族集合！！
60,金铲铲之战
30,热门游戏
派对,斗鱼大事件
户外,《ROGUE生存挑战Ⅱ》Day 12
60,lol云顶之弈
60,lol云顶之弈
30,lol云顶之弈
音乐,国粤情歌~早上好
30,lol云顶之弈
60,lol云顶之弈
和平精英,【新人主播，第一天直播】
舞蹈,你早起我早起咱俩迟早在一起
关羽,王者荣耀
60,DNF
热门游戏,【72-72】黑白双撒
颜值,早起晨跑的杨颖~
二次元,恶魔の低语：快睡吧小心秃头
主机其他游戏,努力的炮之成长
热门游戏,【呆猪】和朋友无上限合砍 不打完不下播
王者荣耀,高一刀：我说必上王者
派对,双倍亲密/进来喝杯茶吧~
颜值,【成都】不要慌 不要慌 太阳下山有月光。
lol云顶之弈,新版本的神！冲第一！
英雄联盟,熊子：峡谷稍微开始（表演）
英雄联盟,余小C：哥俩峡谷双排上大师！
派对,本厅由 阿轩 独冠
二次元,巅峰音质直播间
金铲铲之战,预告|20日17点jsl2下半程第二轮
和平精英,【重播】PEL春季赛总决赛
和平精英,【1喂4】全局细节讲解大师！
颜值,清晨第一缕阳光，唱歌
颜值,烟花哥哥最爱小巷末影 7052226
JJ斗地主,周四18点，山东好哥哥登场！
和平精英,开精英手册兑时装
英雄联盟,开砍！！！！！ 666743
颜值,一元粉丝牌：南国春风，佳人浅笑百花开~
英雄联盟,国一韩二顶级打野 顶级教学
金铲铲之战,七层魔盗团200金币两个妮蔻三星五费！
王者荣耀,我宣布 苦难结束
派对,【点唱】之绿生日快乐
音乐,傻笑的女孩运气不会差
生化危机4重制版,震惊!这游戏居然这么好玩!
王者荣耀,排位冲冲冲 5602519
热门游戏,【菊花】kakao服
颜值,广东脾气超好主播
派对,新厅由 猫猫 贾哥 楠楠冠名～！
英雄联盟,直播中:绝地求生空头流吃鸡
王者荣耀,射手单排上荣耀，教你怎么打爆对手
三国杀,三国杀真好玩！
户外,早8直播 斗鱼八卦乐子人
心动FM,双倍 缘来缘去，感谢相遇79
金铲铲之战,恭喜发财上线~看直播领648限定小小英雄
CS:GO,打打CSGO 开开船
DNF,开区之后军团，次元，缝纫机，51礼包！
派对,人间有味是清欢 11286051
派对,【缘家】全麦优质单身妹妹等你来
王者荣耀,八神；单排乱杀 中猛猛干
炉石传说,狗贼：标准狂野双传说！拿下！
炉石传说,我找到好玩的卡组啦！ 太有意思了！
颜值,不过五星不下播
热门游戏,【橙子】前职业单四全程钢枪高能视觉盛宴
LOL手游,82备战新赛季!
王者荣耀,8分钟一局24小时带粉上车
派对,斗鱼避难所
颜值,武汉清纯女孩做直播光宗耀祖
热门游戏,【QQQ】吃鸡耳机已上架斗鱼小店！
原神,鸣潮硬核测评！
王者荣耀,姬小满教学，边路霸主！
颜值,记录每一天相遇 第71天
DOTA2,【重播】DPC中国联赛 春季赛 A级联赛
王者荣耀,国服第一打野姬小满五排带粉
和平精英,【顶尖单4 直接起飞】
颜值,重庆第一委屈
颜值,阿牛冲冲冲
60,DOTA2
60,热门游戏
60,lol云顶之弈
颜值,明天会更好 8932307
派对,校花交友颜值一厅
60,金铲铲之战
60,炉石传说
60,金铲铲之战
颜值,武汉新来的女明星～
赵云,王者荣耀
60,热门游戏
CF手游,浩然：巅峰冲
颜值,人要向前走 苦难才会后退~
舞蹈,风是自由的 希望你也是。
永劫无间,【aygg】备战锦鲤杯
李白,王者荣耀
颜值,榜一大哥卷铺盖走了 11471886
合金弹头：觉醒,开服新手养成思路
孙悟空,王者荣耀
50,金铲铲之战
颜值,电费奋斗史
派对,距你0.01km~/当前5个好友共同关注
合金弹头：觉醒,【杰尼】全能！
30,DNF
颜值,美丽坏女人~
60,英雄联盟
白起,王者荣耀
60,英雄联盟
舞蹈,【摸爬滚打的第N天】
心动FM,【双倍】不被定义的社恐美少女~7815
传奇手游,激情打米打激情
罗马复兴,x不知_菜鸡互啄
舞蹈,172小姐姐~~9981584
热门游戏,罗马复兴直播小仙女
60,和平精英
音乐,会唱歌，会唠嗑，成都的
60,热门游戏
颜值,江苏小豌豆
颜值,钻粉卡 人间的青草地需要浇水
60,王者荣耀
颜值,希望你与幸运撞个满怀
和平精英,【钻粉2.5倍】一起see
颜值,纯情少女安静唱歌``
颜值,落日晚风的尽头
60,英雄联盟
莱西奥,王者荣耀
热门游戏,【猛男】单人4排最激情单口相声细节教学
二次元,周三周休一天，周四开播～
派对,【交友一厅】只为我而来
英雄联盟,十点半大龙机场刷新！ 巨龙族集合！！
60,金铲铲之战
30,热门游戏
派对,斗鱼大事件
户外,《ROGUE生存挑战Ⅱ》Day 12
60,lol云顶之弈
60,lol云顶之弈
30,lol云顶之弈
音乐,国粤情歌~早上好
30,lol云顶之弈
60,lol云顶之弈
和平精英,【新人主播，第一天直播】
舞蹈,你早起我早起咱俩迟早在一起
关羽,王者荣耀
60,DNF
热门游戏,【72-72】黑白双撒
颜值,早起晨跑的杨颖~
二次元,恶魔の低语：快睡吧小心秃头
主机其他游戏,努力的炮之成长
热门游戏,【呆猪】和朋友无上限合砍 不打完不下播
王者荣耀,高一刀：我说必上王者
派对,双倍亲密/进来喝杯茶吧~
颜值,【成都】不要慌 不要慌 太阳下山有月光。
lol云顶之弈,新版本的神！冲第一！
英雄联盟,熊子：峡谷稍微开始（表演）
英雄联盟,余小C：哥俩峡谷双排上大师！
派对,本厅由 阿轩 独冠
二次元,巅峰音质直播间
金铲铲之战,预告|20日17点jsl2下半程第二轮
和平精英,【重播】PEL春季赛总决赛
和平精英,【1喂4】全局细节讲解大师！
颜值,清晨第一缕阳光，唱歌
颜值,烟花哥哥最爱小巷末影 7052226
JJ斗地主,周四18点，山东好哥哥登场！
和平精英,开精英手册兑时装
英雄联盟,开砍！！！！！ 666743
颜值,一元粉丝牌：南国春风，佳人浅笑百花开~
英雄联盟,国一韩二顶级打野 顶级教学
金铲铲之战,七层魔盗团200金币两个妮蔻三星五费！
王者荣耀,我宣布 苦难结束
派对,【点唱】之绿生日快乐
音乐,傻笑的女孩运气不会差
生化危机4重制版,震惊!这游戏居然这么好玩!
王者荣耀,排位冲冲冲 5602519
热门游戏,【菊花】kakao服
颜值,广东脾气超好主播
派对,新厅由 猫猫 贾哥 楠楠冠名～！
英雄联盟,直播中:绝地求生空头流吃鸡
王者荣耀,射手单排上荣耀，教你怎么打爆对手
三国杀,三国杀真好玩！
户外,早8直播 斗鱼八卦乐子人
心动FM,双倍 缘来缘去，感谢相遇79
金铲铲之战,恭喜发财上线~看直播领648限定小小英雄
CS:GO,打打CSGO 开开船
DNF,开区之后军团，次元，缝纫机，51礼包！
派对,人间有味是清欢 11286051
派对,【缘家】全麦优质单身妹妹等你来
王者荣耀,八神；单排乱杀 中猛猛干
炉石传说,狗贼：标准狂野双传说！拿下！
炉石传说,我找到好玩的卡组啦！ 太有意思了！
颜值,不过五星不下播
热门游戏,【橙子】前职业单四全程钢枪高能视觉盛宴
LOL手游,82备战新赛季!
王者荣耀,8分钟一局24小时带粉上车
派对,斗鱼避难所
颜值,武汉清纯女孩做直播光宗耀祖
热门游戏,【QQQ】吃鸡耳机已上架斗鱼小店！
原神,鸣潮硬核测评！
王者荣耀,姬小满教学，边路霸主！
颜值,记录每一天相遇 第71天
DOTA2,【重播】DPC中国联赛 春季赛 A级联赛
王者荣耀,国服第一打野姬小满五排带粉
和平精英,【顶尖单4 直接起飞】
颜值,重庆第一委屈
颜值,阿牛冲冲冲
60,DOTA2
60,热门游戏
60,lol云顶之弈
颜值,明天会更好 8932307
派对,校花交友颜值一厅
60,金铲铲之战
60,炉石传说
60,金铲铲之战
颜值,武汉新来的女明星～
赵云,王者荣耀
60,热门游戏
CF手游,浩然：巅峰冲
颜值,人要向前走 苦难才会后退~
舞蹈,风是自由的 希望你也是。
永劫无间,【aygg】备战锦鲤杯
李白,王者荣耀
颜值,榜一大哥卷铺盖走了 11471886
合金弹头：觉醒,开服新手养成思路
孙悟空,王者荣耀
50,金铲铲之战
颜值,电费奋斗史
派对,距你0.01km~/当前5个好友共同关注
合金弹头：觉醒,【杰尼】全能！
30,DNF
颜值,美丽坏女人~
60,英雄联盟
白起,王者荣耀
60,英雄联盟
舞蹈,【摸爬滚打的第N天】
心动FM,【双倍】不被定义的社恐美少女~7815
传奇手游,激情打米打激情
罗马复兴,x不知_菜鸡互啄
舞蹈,172小姐姐~~9981584
热门游戏,罗马复兴直播小仙女
60,和平精英
音乐,会唱歌，会唠嗑，成都的
60,热门游戏
颜值,江苏小豌豆
颜值,钻粉卡 人间的青草地需要浇水
60,王者荣耀
颜值,希望你与幸运撞个满怀
和平精英,【钻粉2.5倍】一起see
颜值,纯情少女安静唱歌``
颜值,落日晚风的尽头
60,英雄联盟
莱西奥,王者荣耀
热门游戏,【猛男】单人4排最激情单口相声细节教学
二次元,周三周休一天，周四开播～
派对,【交友一厅】只为我而来
英雄联盟,十点半大龙机场刷新！ 巨龙族集合！！
60,金铲铲之战
30,热门游戏
派对,斗鱼大事件
户外,《ROGUE生存挑战Ⅱ》Day 12
60,lol云顶之弈
60,lol云顶之弈
30,lol云顶之弈
音乐,国粤情歌~早上好
30,lol云顶之弈
60,lol云顶之弈
和平精英,【新人主播，第一天直播】
舞蹈,你早起我早起咱俩迟早在一起
关羽,王者荣耀
60,DNF
热门游戏,【72-72】黑白双撒
颜值,早起晨跑的杨颖~
二次元,恶魔の低语：快睡吧小心秃头
主机其他游戏,努力的炮之成长
热门游戏,【呆猪】和朋友无上限合砍 不打完不下播
王者荣耀,高一刀：我说必上王者
派对,双倍亲密/进来喝杯茶吧~
颜值,【成都】不要慌 不要慌 太阳下山有月光。
lol云顶之弈,新版本的神！冲第一！
英雄联盟,熊子：峡谷稍微开始（表演）
英雄联盟,余小C：哥俩峡谷双排上大师！
派对,本厅由 阿轩 独冠
二次元,巅峰音质直播间
金铲铲之战,预告|20日17点jsl2下半程第二轮
和平精英,【重播】PEL春季赛总决赛
和平精英,【1喂4】全局细节讲解大师！
颜值,清晨第一缕阳光，唱歌
颜值,烟花哥哥最爱小巷末影 7052226
JJ斗地主,周四18点，山东好哥哥登场！
和平精英,开精英手册兑时装
英雄联盟,开砍！！！！！ 666743
颜值,一元粉丝牌：南国春风，佳人浅笑百花开~
英雄联盟,国一韩二顶级打野 顶级教学
金铲铲之战,七层魔盗团200金币两个妮蔻三星五费！
王者荣耀,我宣布 苦难结束
派对,【点唱】之绿生日快乐
音乐,傻笑的女孩运气不会差
生化危机4重制版,震惊!这游戏居然这么好玩!
王者荣耀,排位冲冲冲 5602519
热门游戏,【菊花】kakao服
颜值,广东脾气超好主播
派对,新厅由 猫猫 贾哥 楠楠冠名～！
英雄联盟,直播中:绝地求生空头流吃鸡
王者荣耀,射手单排上荣耀，教你怎么打爆对手
三国杀,三国杀真好玩！
户外,早8直播 斗鱼八卦乐子人
心动FM,双倍 缘来缘去，感谢相遇79
金铲铲之战,恭喜发财上线~看直播领648限定小小英雄
CS:GO,打打CSGO 开开船
DNF,开区之后军团，次元，缝纫机，51礼包！
派对,人间有味是清欢 11286051
派对,【缘家】全麦优质单身妹妹等你来
王者荣耀,八神；单排乱杀 中猛猛干
炉石传说,狗贼：标准狂野双传说！拿下！
炉石传说,我找到好玩的卡组啦！ 太有意思了！
颜值,不过五星不下播
热门游戏,【橙子】前职业单四全程钢枪高能视觉盛宴
LOL手游,82备战新赛季!
王者荣耀,8分钟一局24小时带粉上车
派对,斗鱼避难所
颜值,武汉清纯女孩做直播光宗耀祖
热门游戏,【QQQ】吃鸡耳机已上架斗鱼小店！
原神,鸣潮硬核测评！
王者荣耀,姬小满教学，边路霸主！
颜值,记录每一天相遇 第71天
DOTA2,【重播】DPC中国联赛 春季赛 A级联赛
王者荣耀,国服第一打野姬小满五排带粉
和平精英,【顶尖单4 直接起飞】
颜值,重庆第一委屈
颜值,阿牛冲冲冲
60,DOTA2
60,热门游戏
60,lol云顶之弈
颜值,明天会更好 8932307
派对,校花交友颜值一厅
60,金铲铲之战
60,炉石传说
60,金铲铲之战
颜值,武汉新来的女明星～
赵云,王者荣耀
60,热门游戏
CF手游,浩然：巅峰冲
颜值,人要向前走 苦难才会后退~
舞蹈,风是自由的 希望你也是。
永劫无间,【aygg】备战锦鲤杯
李白,王者荣耀
颜值,榜一大哥卷铺盖走了 11471886
合金弹头：觉醒,开服新手养成思路
孙悟空,王者荣耀
50,金铲铲之战
颜值,电费奋斗史
派对,距你0.01km~/当前5个好友共同关注
合金弹头：觉醒,【杰尼】全能！
30,DNF
颜值,美丽坏女人~
60,英雄联盟
白起,王者荣耀
60,英雄联盟
舞蹈,【摸爬滚打的第N天】
心动FM,【双倍】不被定义的社恐美少女~7815
