大神推荐,蓝光10M
蓝光6M,夏侯
大神推荐,蓝光10M
蓝光4M,早上好！！！
【愈.唱】有四倍亲密！,啊茶【171】
【听歌】全麦优质/招歌手,天皓--宝藏女孩
大神推荐,蓝光8M
魅力新星,蓝光8M
魅力新星,蓝光8M
林深时见鹿 鲸落万物生！大象up!冰川行,集梦二狗子【1995】
最美村花,路亚小甜心已上线！
同城视频主持,纯御-误入凡尘
蓝光9M,花木兰
大神推荐,蓝光8M
蓝光8M,你真的就比别人弱吗？
视频美女,蓝光4M
虎牙瑜伽天花板～有质疑的吗？,舞动天籁
Yaq-我喜欢你的直播间,Yaq-我喜欢你
蓝光8M,蒙
蓝光10M,恭喜JDG夺得2023LPL春季赛冠军！【重播】
魅力新星,蓝光15M
蓝光6M,哈哈
最美村花,开地 种西瓜91
欢迎来到我的直播间,Dae-万般娇宠-林哥冠
蓝光4M,曜
大神推荐,蓝光10M
大神推荐,蓝光8M
大象UP脱口秀无限极,正恒-一鸣【826】
【4倍】早间谈唱,灵石-夏二
欢迎来到我的直播间,优境-揽众星月
蓝光10M,第一光信打野王者局单排教学思路打法
魅力新星,蓝光4M
蓝光8M,国七女云缨4-25降维打击！
视频美女,蓝光8M
蓝光6M,[直播]代勇VS李英东 乔氏杯中式台球大师赛更替选拔赛 齐齐哈尔站
4倍，升牌子了。感谢各位大哥的礼物,集梦追风少年【1995】
魅力新星,蓝光8M
蓝光10M,冲向万五快到了！12.30弹幕抽1000
大神推荐,蓝光8M
蓝光8M,今天的你是开心的还是孤单的
收鳝鱼鳝鱼,大盛丶大哈
全麦优质招主持 诺拉/陈哥/塔塔冠,Dae不知所措
蓝光8M,姬小满 7分钟一局 低价接小国 金标
蓝光6M,吸血鬼导师：新版本星界无敌
蓝光15M,野排路人冲战神把把淘汰王
给D哥播会儿！大象up！,正恒-小魏【新闻小编】
蓝光8M,【四倍】头好痒 要长脑子了
我在等风也在等你~,Dae-楚楚动人
魅力新星,蓝光10M
大神推荐,蓝光15M
蓝光20M,【4倍】!详细看号/深渊补星
魅力新星,4倍【唱歌】且听风吟 静待花开
对美女都不感兴趣了吗~ 风哥冠,仙女-甜蜜派对-点哥冠
解放西街头太真实,集梦志峰、
蓝光8M,妲己
蓝光8M,430U三环，下一个车超征
蓝光15M,【安苹扫码】老皮给你掉大分！
蓝光4M,该来看看我了
快来支配我吧 今天都听你的,星河-群星璀璨-墨皇冠
愿神明偏爱.,千帆-安甜【小锦鲤】
蓝光8M,微信 100包20，会走路就能赢
蓝光12M,王牌无数星随便杀
蓝光20M,国服清寒
蓝光8M,【重庆】积极向上吗 哥哥 气质唱跳
最美村花,极限女团-燃烧卡路里
蓝光4M,新厅开业
蓝光10M,苏烈
蓝光8M,2w分花木兰，单排王者局教学！
精英战神,蓝光8M
综艺明星,大象UP！
最便宜的加时，大象up,集梦杨小楠【116】
明人不说暗话，这里好动手,乐悠-人间值得-小豆冠
蓝光10M,上官婉儿
蓝光15M,4倍亲密度，细节单排解说
蓝光6M,送648草神满命抽30w原石
哥哥们来新人了！！,王牌女团-MA
招全职主持/我猜你会忍不住～,盛世-仙女湖
最美村花,【唱歌】风和日丽
蓝光10M,【重播】17点 成都AG vs MTG KPL春季赛
天弈圣手,蓝光8M
魅力新星,蓝光6M
蓝光4M,【福建】重生之我在虎牙当甜妹
被嘴耽误的颜值主播04,星梦-何悦悦
打野鬼才,水中人参大泥鳅(四倍亲密度)
蓝光8M,蒙恬
头号玩家,蓝光10M
蓝光8M,四倍亲密度！韩服王者寡妇抽号教学
收 TC 大象UP~,藏獒龙-新闻-523俊徒
视频美女,活捉一只小可爱
就一唱歌的【谢谢我熊，亮灯了】,歌手-小希
蓝光8M,海月
大神推荐,蓝光8M
颜值男团,蓝光8M
白金推荐,蓝光8M
蓝光4M,[20点马叔]斯佳辉5-4暂时领先魔术师 2023世锦赛正赛【重播】
弹琴唱歌,渝华-海糖
蓝光8M,兰陵王
蓝光4M,黑色灵活喜欢Jay的小姐姐~~
蓝光6M,【金蝉】EG-佩恩
蓝光4M,有能耐你砍我啊！！！！
高启强叫你进来！,-白金翰
视频美女,今日四倍哟 集梦流水
蓝光8M,100上王者非录像3带2车队姬小满
蓝光10M,【全网第一狙】皇冠1v4教学~
蓝光8M,腿毛：特价超粉，敲划算，开了血赚~
舞林高手,蓝光8M
月光下有两个影子,乐听、啾啾
祝九尾早日康复回归,Hot-九尾【百o禁忌】
峡谷冠军,蓝光8M
魅力新星,蓝光20M
蓝光15M,steam新游《求生岛：不老泉传说》
必须耗着~（感恩陪伴）,华耀-天辰【震山虎】
感谢大厨哥 长沙 大象up,集梦旺旺【116】
分享音乐70分享心情30,小舞点歌台
蓝光8M,干将莫邪
蓝光4M,蟹蟹波波的23级牌牌吖~
蓝光8M,今天4倍亲密吖 有位置模拟器V区
冰哥就是我的神,歆娱丶仙贝【四张A】
少人声略略略宁波,叶哆啦【企鹅】
别怕，小坏蛋,瓶儿妹妹1
大神推荐,蓝光10M
蓝光6M,夏侯
大神推荐,蓝光10M
蓝光4M,早上好！！！
【愈.唱】有四倍亲密！,啊茶【171】
【听歌】全麦优质/招歌手,天皓--宝藏女孩
大神推荐,蓝光8M
