标题,大小,地点,小区,价格
整租・天通苑・天通苑本四区・2室,2  室  1  厅  ・  74O  ・  南北  ・  高楼层/6层  ・  简装,"
                天通苑                 ","
                    天通苑本四区                ",5100
整租・枣园・清源西里・2室,2  室  1  厅  ・  45O  ・  南  ・  低楼层/6层  ・  简装,"
                枣园                 ","
                    清源西里                ",3500
整租・十里堡・京棉新城（一厂）・2室,2  室  1  厅  ・  97O  ・  南  ・  低楼层/30层  ・  简装,"
                十里堡                 ","
                    京棉新城（一厂）                ",6100
整租・四惠・通惠家园惠民园・2室,2  室  1  厅  ・  88O  ・  南北  ・  高楼层/6层  ・  简装,"
                四惠                 ","
                    通惠家园惠民园                ",6800
整租・甘露园・天天朝阳・1室,1  室  1  厅  ・  38O  ・  西  ・  低楼层/16层  ・  简装,"
                甘露园                 ","
                    天天朝阳                ",4600
整租・甘露园・康家园・2室,2  室  1  厅  ・  62O  ・  南北  ・  中楼层/6层  ・  简装,"
                甘露园                 ","
                    康家园                ",5300
整租・团结湖・团结湖北三条・1室,1  室  1  厅  ・  40O  ・  南  ・  低楼层/6层  ・  简装,"
                团结湖                 ","
                    团结湖北三条                ",5100
整租・通州北苑・长城国际・1室,1  室  1  厅  ・  48O  ・  东  ・  高楼层/20层  ・  简装,"
                通州北苑                 ","
                    长城国际                ",3450
整租・天通苑・天通苑本五区・2室,2  室  1  厅  ・  78O  ・  南北  ・  中楼层/6层  ・  简装,"
                天通苑                 ","
                    天通苑本五区                ",5700
整租・北京南站・右外东庄・1室,1  室  1  厅  ・  39O  ・  南  ・  高楼层/6层  ・  简装,"
                北京南站                 ","
                    右外东庄                ",4100
整租・石佛营・八里庄北里・2室,2  室  1  厅  ・  49O  ・  南  ・  高楼层/6层  ・  简装,"
                石佛营                 ","
                    八里庄北里                ",5300
整租・西坝河・西坝河东里・2室,2  室  1  厅  ・  65O  ・  南  ・  高楼层/24层  ・  简装,"
                西坝河                 ","
                    西坝河东里                ",6900
整租・芍药居・芍药居北里二区・1室,1  室  1  厅  ・  58O  ・  西北  ・  低楼层/24层  ・  简装,"
                芍药居                 ","
                    芍药居北里二区                ",5500
整租・石佛营・炫特嘉园二期・1室,1  室  1  厅  ・  40O  ・  北  ・  低楼层/28层  ・  简装,"
                石佛营                 ","
                    炫特嘉园二期                ",4900
整租・定福庄・妇联小区・2室,2  室  1  厅  ・  71O  ・  南北  ・  高楼层/6层  ・  简装,"
                定福庄                 ","
                    妇联小区                ",4400
整租・七里庄・庄维花园一期・2室,2  室  1  厅  ・  80O  ・  北  ・  中楼层/24层  ・  简装,"
                七里庄                 ","
                    庄维花园一期                ",5496
整租・蒲黄榆・南三环中路15号院・2室,2  室  1  厅  ・  53O  ・  东南  ・  中楼层/6层  ・  简装,"
                蒲黄榆                 ","
                    南三环中路15号院                ",4850
整租・梨园・新通国际花园・2室,2  室  1  厅  ・  61O  ・  东  ・  低楼层/18层  ・  简装,"
                梨园                 ","
                    新通国际花园                ",4200
整租・定福庄・福盈家园2号院・2室,2  室  1  厅  ・  51O  ・  南北  ・  低楼层/20层  ・  简装,"
                定福庄                 ","
                    福盈家园2号院                ",5000
整租・石佛营・炫特嘉园三期・1室,1  室  1  厅  ・  40O  ・  北  ・  低楼层/27层  ・  简装,"
                石佛营                 ","
                    炫特嘉园三期                ",5200
整租・西罗园・西罗园一区・1室,1  室  1  厅  ・  44O  ・  南  ・  高楼层/6层  ・  简装,"
                西罗园                 ","
                    西罗园一区                ",4300
整租・安贞・安华里一区・2室,2  室  1  厅  ・  57O  ・  东西  ・  高楼层/6层  ・  简装,"
                安贞                 ","
                    安华里一区                ",6500
整租・回龙观・国仕汇・2室,2  室  1  厅  ・  79O  ・  东西  ・  中楼层/15层  ・  简装,"
                回龙观                 ","
                    国仕汇                ",5225
整租・角门・角门东里・1室,1  室  1  厅  ・  38O  ・  西南  ・  高楼层/6层  ・  简装,"
                角门                 ","
                    角门东里                ",4100
整租・牛街・东华金座・1室,1  室  1  厅  ・  51O  ・  西  ・  中楼层/22层  ・  简装,"
                牛街                 ","
                    东华金座                ",5800
整租・玉泉营・三环新城8号院・1室,1  室  1  厅  ・  50O  ・  东  ・  低楼层/15层  ・  简装,"
                玉泉营                 ","
                    三环新城8号院                ",5000
整租・马家堡・嘉园三里・1室,1  室  1  厅  ・  51O  ・  西  ・  中楼层/12层  ・  简装,"
                马家堡                 ","
                    嘉园三里                ",4300
整租・惠新西街・胜古东里・2室,2  室  1  厅  ・  52O  ・  南北  ・  低楼层/6层  ・  简装,"
                惠新西街                 ","
                    胜古东里                ",6650
整租・圆明园・芙蓉里小区・1室,1  室  1  厅  ・  42O  ・  南  ・  低楼层/15层  ・  简装,"
                圆明园                 ","
                    芙蓉里小区                ",6550
整租・德胜门・新风南里・2室,2  室  1  厅  ・  68O  ・  南  ・  高楼层/6层  ・  简装,"
                德胜门                 ","
                    新风南里                ",6900
整租・草桥・冬季星空・2室,2  室  1  厅  ・  50O  ・  北  ・  低楼层/23层  ・  简装,"
                草桥                 ","
                    冬季星空                ",5900
整租・苹果园・苹果园一区・1室,1  室  1  厅  ・  40O  ・  南  ・  低楼层/6层  ・  简装,"
                苹果园                 ","
                    苹果园一区                ",3900
整租・常营・柏林爱乐二期・1室,1  室  1  厅  ・  56O  ・  南北  ・  低楼层/8层  ・  简装,"
                常营                 ","
                    柏林爱乐二期                ",4515
整租・旧宫・广安康Z家园・2室,2  室  1  厅  ・  86O  ・  南北  ・  中楼层/26层  ・  简装,"
                旧宫                 ","
                    广安康Z家园                ",4500
整租・石佛营・日月东华・2室,2  室  1  厅  ・  77O  ・  南  ・  高楼层/23层  ・  简装,"
                石佛营                 ","
                    日月东华                ",6000
整租・果园・苏荷时代・1室,1  室  1  厅  ・  44O  ・  西北  ・  中楼层/24层  ・  简装,"
                果园                 ","
                    苏荷时代                ",3699
整租・蒲黄榆・蒲安里・2室,2  室  1  厅  ・  54O  ・  南北  ・  中楼层/6层  ・  简装,"
                蒲黄榆                 ","
                    蒲安里                ",5260
整租・团结湖・团结湖北四条・2室,2  室  1  厅  ・  55O  ・  南  ・  低楼层/18层  ・  简装,"
                团结湖                 ","
                    团结湖北四条                ",6300
整租・刘家窑・石榴园北里・2室,2  室  1  厅  ・  58O  ・  南北  ・  高楼层/6层  ・  简装,"
                刘家窑                 ","
                    石榴园北里                ",4800
整租・蒲黄榆・蒲黄榆路・1室,1  室  1  厅  ・  37O  ・  南北  ・  中楼层/17层  ・  简装,"
                蒲黄榆                 ","
                    蒲黄榆路                ",3600
整租・宋家庄・鑫兆雅园北区・1室,1  室  1  厅  ・  34O  ・  西  ・  中楼层/20层  ・  简装,"
                宋家庄                 ","
                    鑫兆雅园北区                ",4500
整租・红庙・慈云寺・2室,2  室  1  厅  ・  62O  ・  东南  ・  低楼层/22层  ・  简装,"
                红庙                 ","
                    慈云寺                ",5800
整租・广安门・荣丰2008・1室,1  室  1  厅  ・  27O  ・  东  ・  中楼层/28层  ・  简装,"
                广安门                 ","
                    荣丰2008                ",4064
整租・石佛营・炫特嘉园三期・1室,1  室  1  厅  ・  40O  ・  北  ・  中楼层/24层  ・  简装,"
                石佛营                 ","
                    炫特嘉园三期                ",5000
整租・太平桥・太平桥西里・2室,2  室  1  厅  ・  57O  ・  南北  ・  高楼层/6层  ・  简装,"
                太平桥                 ","
                    太平桥西里                ",5950
整租・安贞・安华西里一区・1室,1  室  1  厅  ・  40O  ・  东  ・  高楼层/6层  ・  简装,"
                安贞                 ","
                    安华西里一区                ",5900
整租・酒仙桥・电子城小区・2室,2  室  1  厅  ・  67O  ・  东  ・  中楼层/25层  ・  简装,"
                酒仙桥                 ","
                    电子城小区                ",6500
整租・西三旗・育新花园・1室,1  室  1  厅  ・  51O  ・  南  ・  高楼层/6层  ・  简装,"
                西三旗                 ","
                    育新花园                ",4400
整租・通州北苑・长城国际・1室,1  室  1  厅  ・  49O  ・  东  ・  中楼层/23层  ・  简装,"
                通州北苑                 ","
                    长城国际                ",3500
整租・梨园・云景西里南区・2室,2  室  1  厅  ・  57O  ・  南北  ・  低楼层/6层  ・  简装,"
                梨园                 ","
                    云景西里南区                ",3350
整租・刘家窑・石榴园北里・2室,2  室  1  厅  ・  58O  ・  南北  ・  中楼层/6层  ・  精装,"
                刘家窑                 ","
                    石榴园北里                ",4500
整租・立水桥・合立方・2室,2  室  1  厅  ・  69O  ・  南  ・  高楼层/23层  ・  简装,"
                立水桥                 ","
                    合立方                ",6200
整租・清河・永泰东里・1室,1  室  1  厅  ・  48O  ・  西  ・  中楼层/6层  ・  简装,"
                清河                 ","
                    永泰东里                ",5150
整租・十里堡・十里堡东里・2室,2  室  1  厅  ・  53O  ・  南北  ・  中楼层/5层  ・  简装,"
                十里堡                 ","
                    十里堡东里                ",5200
整租・定福庄・福盈家园1号院・2室,2  室  1  厅  ・  71O  ・  南北  ・  低楼层/20层  ・  简装,"
                定福庄                 ","
                    福盈家园1号院                ",5600
整租・石佛营・炫特嘉园一期・1室,1  室  1  厅  ・  36O  ・  南  ・  低楼层/19层  ・  简装,"
                石佛营                 ","
                    炫特嘉园一期                ",4600
整租・红庙・金台里・2室,2  室  1  厅  ・  57O  ・  南  ・  低楼层/16层  ・  简装,"
                红庙                 ","
                    金台里                ",6590
整租・广安门・荣丰2008・1室,1  室  1  厅  ・  36O  ・  东  ・  低楼层/18层  ・  简装,"
                广安门                 ","
                    荣丰2008                ",5200
整租・苏州桥・海淀南路・1室,1  室  1  厅  ・  41O  ・  南  ・  中楼层/16层  ・  简装,"
                苏州桥                 ","
                    海淀南路                ",7500
整租・草桥・玺萌鹏苑・1室,1  室  1  厅  ・  33O  ・  北  ・  高楼层/26层  ・  简装,"
                草桥                 ","
                    玺萌鹏苑                ",3900
整租・双桥・朝阳旺角・2室,2  室  1  厅  ・  73O  ・  东  ・  中楼层/17层  ・  简装,"
                双桥                 ","
                    朝阳旺角                ",5200
整租・亚运村・慧忠里B区・1室,1  室  1  厅  ・  45O  ・  东  ・  中楼层/6层  ・  简装,"
                亚运村                 ","
                    慧忠里B区                ",5450
整租・广安门・荣丰2008・1室,1  室  1  厅  ・  25O  ・  南  ・  中楼层/28层  ・  简装,"
                广安门                 ","
                    荣丰2008                ",3800
整租・北苑・恒大名都嘉园・2室,2  室  1  厅  ・  79O  ・  东  ・  高楼层/38层  ・  简装,"
                北苑                 ","
                    恒大名都嘉园                ",6900
整租・健翔桥・健翔国际公寓・1室,1  室  1  厅  ・  32O  ・  西  ・  高楼层/13层  ・  简装,"
                健翔桥                 ","
                    健翔国际公寓                ",5350
整租・马连洼・肖家河新村东区・1室,1  室  1  厅  ・  54O  ・  南北  ・  低楼层/11层  ・  简装,"
                马连洼                 ","
                    肖家河新村东区                ",6300
整租・亚运村小营・欧陆经典风格派・1室,1  室  1  厅  ・  51O  ・  南  ・  低楼层/21层  ・  简装,"
                亚运村小营                 ","
                    欧陆经典风格派                ",5800
整租・黄村中・富强东里・2室,2  室  1  厅  ・  55O  ・  东  ・  高楼层/6层  ・  简装,"
                黄村中                 ","
                    富强东里                ",3200
整租・牡丹园・牡丹园电视机厂宿舍・2室,2  室  1  厅  ・  40O  ・  南北  ・  高楼层/5层  ・  简装,"
                牡丹园                 ","
                    牡丹园电视机厂宿舍                ",6500
整租・方庄・芳星园二区・1室,1  室  1  厅  ・  48O  ・  南  ・  低楼层/25层  ・  简装,"
                方庄                 ","
                    芳星园二区                ",4500
整租・清河・清缘东里・2室,2  室  1  厅  ・  85O  ・  南北  ・  低楼层/10层  ・  简装,"
                清河                 ","
                    清缘东里                ",6200
整租・垡头・垡头西里・2室,2  室  1  厅  ・  51O  ・  南北  ・  高楼层/5层  ・  简装,"
                垡头                 ","
                    垡头西里                ",4399
整租・万达・后南仓・2室,2  室  1  厅  ・  57O  ・  南北  ・  低楼层/6层  ・  简装,"
                万达                 ","
                    后南仓                ",3699
整租・和义・三角地・2室,2  室  1  厅  ・  52O  ・  南北  ・  高楼层/6层  ・  简装,"
                和义                 ","
                    三角地                ",3450
整租・酒仙桥・飘HOME・1室,1  室  1  厅  ・  39O  ・  东北  ・  低楼层/25层  ・  简装,"
                酒仙桥                 ","
                    飘HOME                ",5600
整租・科技园区・设计师广场・1室,1  室  1  厅  ・  48O  ・  东南  ・  高楼层/23层  ・  简装,"
                科技园区                 ","
                    设计师广场                ",4200
整租・石佛营・八里庄北里・2室,2  室  1  厅  ・  61O  ・  南  ・  高楼层/6层  ・  简装,"
                石佛营                 ","
                    八里庄北里                ",6000
整租・木樨地・西便门东里・2室,2  室  1  厅  ・  60O  ・  南北  ・  低楼层/14层  ・  简装,"
                木樨地                 ","
                    西便门东里                ",7600
整租・劲松・垂杨柳北里・1室,1  室  1  厅  ・  54O  ・  东  ・  中楼层/18层  ・  简装,"
                劲松                 ","
                    垂杨柳北里                ",5350
整租・马连道・西环景苑・2室,2  室  1  厅  ・  92O  ・  东南  ・  高楼层/19层  ・  简装,"
                马连道                 ","
                    西环景苑                ",7800
整租・鲁谷・永乐西区・2室,2  室  1  厅  ・  60O  ・  南  ・  高楼层/6层  ・  简装,"
                鲁谷                 ","
                    永乐西区                ",4850
整租・北苑・华贸城9号院・1室,1  室  2  厅  ・  52O  ・  东  ・  低楼层/18层  ・  简装,"
                北苑                 ","
                    华贸城9号院                ",6200
整租・果园・葛布店东里・2室,2  室  1  厅  ・  58O  ・  南北  ・  中楼层/6层  ・  简装,"
                果园                 ","
                    葛布店东里                ",3200
整租・亚运村・安慧里二区・2室,2  室  1  厅  ・  62O  ・  南  ・  低楼层/18层  ・  简装,"
                亚运村                 ","
                    安慧里二区                ",6583
整租・惠新西街・胜古北里・2室,2  室  1  厅  ・  53O  ・  南北  ・  中楼层/5层  ・  简装,"
                惠新西街                 ","
                    胜古北里                ",6700
整租・清河・永泰西里・1室,1  室  1  厅  ・  46O  ・  南  ・  高楼层/6层  ・  简装,"
                清河                 ","
                    永泰西里                ",4550
整租・定福庄・三间房南里7号院・2室,2  室  1  厅  ・  40O  ・  南  ・  中楼层/4层  ・  简装,"
                定福庄                 ","
                    三间房南里7号院                ",3900
整租・红庙・金台里・2室,2  室  1  厅  ・  57O  ・  南北  ・  低楼层/6层  ・  简装,"
                红庙                 ","
                    金台里                ",6200
整租・常营・住欣家园西区・2室,2  室  1  厅  ・  70O  ・  东  ・  高楼层/26层  ・  简装,"
                常营                 ","
                    住欣家园西区                ",5650
整租・北苑・北苑家园绣菊园・2室,2  室  1  厅  ・  82O  ・  南北  ・  低楼层/14层  ・  简装,"
                北苑                 ","
                    北苑家园绣菊园                ",6500
整租・大红门・苗圃西里・2室,2  室  1  厅  ・  60O  ・  北  ・  高楼层/6层  ・  简装,"
                大红门                 ","
                    苗圃西里                ",4300
整租・望京・世安家园・2室,2  室  1  厅  ・  66O  ・  南北  ・  中楼层/6层  ・  简装,"
                望京                 ","
                    世安家园                ",6450
整租・双井・东方雅苑・1室,1  室  1  厅  ・  37O  ・  南北  ・  低楼层/21层  ・  简装,"
                双井                 ","
                    东方雅苑                ",4800
整租・石佛营・炫特嘉园三期・1室,1  室  1  厅  ・  40O  ・  北  ・  中楼层/24层  ・  简装,"
                石佛营                 ","
                    炫特嘉园三期                ",5100
整租・广安门・荣丰2008・1室,1  室  1  厅  ・  33O  ・  东  ・  中楼层/28层  ・  简装,"
                广安门                 ","
                    荣丰2008                ",4800
整租・月坛・三里河三区・2室,2  室  1  厅  ・  49O  ・  东北  ・  低楼层/5层  ・  简装,"
                月坛                 ","
                    三里河三区                ",8800
整租・定慧寺・西八里庄北里・2室,2  室  1  厅  ・  46O  ・  南北  ・  高楼层/6层  ・  简装,"
                定慧寺                 ","
                    西八里庄北里                ",6500
整租・苹果园・模式口南里・2室,2  室  1  厅  ・  55O  ・  南  ・  中楼层/6层  ・  简装,"
                苹果园                 ","
                    模式口南里                ",4275
整租・潘家园・潘家园・2室,2  室  1  厅  ・  57O  ・  南北  ・  低楼层/6层  ・  简装,"
                潘家园                 ","
                    潘家园                ",5100
整租・苹果园・广宁村・2室,2  室  1  厅  ・  58O  ・  南北  ・  高楼层/6层  ・  简装,"
                苹果园                 ","
                    广宁村                ",2700
整租・太平桥・太平桥西里・1室,1  室  1  厅  ・  48O  ・  西  ・  高楼层/17层  ・  简装,"
                太平桥                 ","
                    太平桥西里                ",4868
整租・木樨地・西便门西里・2室,2  室  1  厅  ・  53O  ・  东南  ・  高楼层/20层  ・  简装,"
                木樨地                 ","
                    西便门西里                ",7300
整租・健翔桥・安翔南里・2室,2  室  1  厅  ・  46O  ・  南  ・  高楼层/5层  ・  简装,"
                健翔桥                 ","
                    安翔南里                ",6100
整租・双桥・远洋一方润园6号院・2室,2  室  1  厅  ・  74O  ・  南北  ・  高楼层/15层  ・  简装,"
                双桥                 ","
                    远洋一方润园6号院                ",4980
整租・朝青・国美第一城3号院・2室,2  室  1  厅  ・  94O  ・  南  ・  低楼层/27层  ・  简装,"
                朝青                 ","
                    国美第一城3号院                ",8000
整租・亚运村小营・育慧西里・2室,2  室  1  厅  ・  55O  ・  南北  ・  高楼层/7层  ・  简装,"
                亚运村小营                 ","
                    育慧西里                ",6300
整租・永定门・李村南里・2室,2  室  1  厅  ・  56O  ・  东北  ・  高楼层/6层  ・  简装,"
                永定门                 ","
                    李村南里                ",4650
整租・朝青・青年汇佳园・1室,1  室  1  厅  ・  35O  ・  北  ・  低楼层/15层  ・  简装,"
                朝青                 ","
                    青年汇佳园                ",5400
整租・宋家庄・鑫兆雅园北区・1室,1  室  1  厅  ・  32O  ・  西  ・  低楼层/20层  ・  简装,"
                宋家庄                 ","
                    鑫兆雅园北区                ",4500
整租・立水桥・溪城家园2号院・1室,1  室  1  厅  ・  58O  ・  南北  ・  高楼层/15层  ・  简装,"
                立水桥                 ","
                    溪城家园2号院                ",5000
整租・武夷花园・月亮城堡・1室,1  室  1  厅  ・  58O  ・  西  ・  中楼层/11层  ・  简装,"
                武夷花园                 ","
                    月亮城堡                ",3399
整租・菜户营・万泉盛景园住宅小区・1室,1  室  1  厅  ・  58O  ・  东南  ・  高楼层/27层  ・  简装,"
                菜户营                 ","
                    万泉盛景园住宅小区                ",5360
整租・立水桥・北京北小区・2室,2  室  1  厅  ・  81O  ・  东南  ・  中楼层/20层  ・  简装,"
                立水桥                 ","
                    北京北小区                ",6880
整租・惠新西街・小关东街・2室,2  室  1  厅  ・  61O  ・  东北  ・  低楼层/14层  ・  简装,"
                惠新西街                 ","
                    小关东街                ",7000
整租・学院路・双清路2号院・1室,1  室  1  厅  ・  58O  ・  南  ・  中楼层/28层  ・  简装,"
                学院路                 ","
                    双清路2号院                ",6000
整租・广安门・京铁和园・1室,1  室  1  厅  ・  37O  ・  东  ・  低楼层/28层  ・  简装,"
                广安门                 ","
                    京铁和园                ",4680
整租・北苑・平安嘉苑・2室,2  室  1  厅  ・  87O  ・  南  ・  低楼层/25层  ・  简装,"
                北苑                 ","
                    平安嘉苑                ",6700
整租・枣园・清源西里・2室,2  室  1  厅  ・  55O  ・  南北  ・  高楼层/6层  ・  简装,"
                枣园                 ","
                    清源西里                ",3700
整租・马家堡・嘉园二里・2室,2  室  1  厅  ・  58O  ・  南  ・  低楼层/6层  ・  简装,"
                马家堡                 ","
                    嘉园二里                ",5555
整租・刘家窑・方南家园一期・2室,2  室  1  厅  ・  64O  ・  南北  ・  高楼层/6层  ・  简装,"
                刘家窑                 ","
                    方南家园一期                ",5200
整租・安贞・安华里五区・2室,2  室  1  厅  ・  56O  ・  南北  ・  高楼层/6层  ・  简装,"
                安贞                 ","
                    安华里五区                ",6400
整租・海淀北部新区・唐家岭新城・2室,2  室  1  厅  ・  55O  ・  南  ・  高楼层/19层  ・  简装,"
                海淀北部新区                 ","
                    唐家岭新城                ",5500
整租・玉泉路・金隅瑞和园・1室,1  室  1  厅  ・  35O  ・  南  ・  高楼层/16层  ・  简装,"
                玉泉路                 ","
                    金隅瑞和园                ",4200
整租・学院路・清枫华景园・1室,1  室  1  厅  ・  53O  ・  西  ・  中楼层/15层  ・  简装,"
                学院路                 ","
                    清枫华景园                ",6100
整租・德胜门・裕中西里・2室,2  室  1  厅  ・  52O  ・  南  ・  高楼层/6层  ・  简装,"
                德胜门                 ","
                    裕中西里                ",6700
整租・古城・古城南路小区・2室,2  室  1  厅  ・  44O  ・  南北  ・  高楼层/5层  ・  简装,"
                古城                 ","
                    古城南路小区                ",4700
整租・梨园・新通国际花园・2室,2  室  1  厅  ・  57O  ・  南  ・  中楼层/23层  ・  简装,"
                梨园                 ","
                    新通国际花园                ",3999
整租・乔庄・乔庄北区・2室,2  室  1  厅  ・  85O  ・  南  ・  低楼层/6层  ・  简装,"
                乔庄                 ","
                    乔庄北区                ",3260
整租・清河・福美苑・1室,1  室  1  厅  ・  52O  ・  南  ・  中楼层/23层  ・  简装,"
                清河                 ","
                    福美苑                ",5700
整租・永定门・望坛新苑3号院・1室,1  室  1  厅  ・  53O  ・  南  ・  中楼层/11层  ・  简装,"
                永定门                 ","
                    望坛新苑3号院                ",5500
整租・亚运村・安慧北里秀园・2室,2  室  1  厅  ・  62O  ・  南北  ・  高楼层/6层  ・  简装,"
                亚运村                 ","
                    安慧北里秀园                ",6903
整租・天通苑・太平家园小区・2室,2  室  1  厅  ・  91O  ・  南北  ・  高楼层/6层  ・  简装,"
                天通苑                 ","
                    太平家园小区                ",5500
整租・阜成门・北礼士路75、77、甲79号・1室,1  室  1  厅  ・  38O  ・  南北  ・  中楼层/7层  ・  简装,"
                阜成门                 ","
                    北礼士路75、77、甲79号                ",6200
整租・惠新西街・胜古南里・2室,2  室  1  厅  ・  52O  ・  西  ・  高楼层/14层  ・  简装,"
                惠新西街                 ","
                    胜古南里                ",6900
整租・甜水园・水碓子东路・1室,1  室  1  厅  ・  37O  ・  东  ・  中楼层/6层  ・  简装,"
                甜水园                 ","
                    水碓子东路                ",5350
整租・立水桥・溪城家园1号院・2室,2  室  1  厅  ・  80O  ・  南  ・  高楼层/15层  ・  简装,"
                立水桥                 ","
                    溪城家园1号院                ",5950
整租・立水桥・明天第一城1号院・1室,1  室  1  厅  ・  35O  ・  东南  ・  低楼层/6层  ・  简装,"
                立水桥                 ","
                    明天第一城1号院                ",4600
整租・广安门・小马厂南里・2室,2  室  1  厅  ・  58O  ・  南北  ・  低楼层/6层  ・  简装,"
                广安门                 ","
                    小马厂南里                ",6569
整租・科技园区・中海御鑫阁・1室,1  室  1  厅  ・  39O  ・  西  ・  中楼层/23层  ・  简装,"
                科技园区                 ","
                    中海御鑫阁                ",4300
整租・霍营・紫金新干线四期・2室,2  室  1  厅  ・  84O  ・  南  ・  中楼层/17层  ・  简装,"
                霍营                 ","
                    紫金新干线四期                ",5700
整租・清河・莱圳家园・1室,1  室  1  厅  ・  32O  ・  南北  ・  高楼层/18层  ・  简装,"
                清河                 ","
                    莱圳家园                ",5000
整租・青塔・青塔南里・2室,2  室  1  厅  ・  68O  ・  东西  ・  高楼层/28层  ・  简装,"
                青塔                 ","
                    青塔南里                ",5400
整租・四惠・壹线国际惠泽园・1室,1  室  1  厅  ・  49O  ・  东  ・  低楼层/9层  ・  简装,"
                四惠                 ","
                    壹线国际惠泽园                ",5800
整租・管庄・管庄西里・2室,2  室  1  厅  ・  59O  ・  南北  ・  中楼层/7层  ・  简装,"
                管庄                 ","
                    管庄西里                ",4900
整租・定福庄・泰福苑・1室,1  室  1  厅  ・  61O  ・  南  ・  高楼层/27层  ・  简装,"
                定福庄                 ","
                    泰福苑                ",5200
整租・刘家窑・方南家园一期・2室,2  室  1  厅  ・  56O  ・  南  ・  中楼层/6层  ・  简装,"
                刘家窑                 ","
                    方南家园一期                ",4700
整租・回龙观・万润家园・2室,2  室  1  厅  ・  66O  ・  北  ・  中楼层/12层  ・  简装,"
                回龙观                 ","
                    万润家园                ",5600
整租・双井・九龙花园・2室,2  室  1  厅  ・  82O  ・  东北  ・  高楼层/22层  ・  简装,"
                双井                 ","
                    九龙花园                ",8800
整租・广安门・荣丰2008・1室,1  室  1  厅  ・  33O  ・  东  ・  高楼层/28层  ・  简装,"
                广安门                 ","
                    荣丰2008                ",4500
合租・知春路・蓟门里东区・2室・房间B,2  室  1  厅  ・  15O  ・  北  ・  低楼层/15层  ・  简装,"
                知春路                 ","
                    蓟门里东区                ",3500
整租・中关村・中关村东大院・1室,1  室  1  厅  ・  47O  ・  南  ・  高楼层/6层  ・  简装,"
                中关村                 ","
                    中关村东大院                ",6800
整租・双井・广渠门外大街路南区・2室,2  室  1  厅  ・  56O  ・  南北  ・  中楼层/16层  ・  简装,"
                双井                 ","
                    广渠门外大街路南区                ",6099
整租・奥林匹克公园・拂林园・3室,3  室  2  厅  ・  140O  ・  南北  ・  低楼层/12层  ・  简装,"
                奥林匹克公园                 ","
                    拂林园                ",10450
整租・车道沟・玲珑经典・1室,1  室  1  厅  ・  38O  ・  南  ・  中楼层/16层  ・  简装,"
                车道沟                 ","
                    玲珑经典                ",5600
整租・双井・苹果社区南区・1室,1  室  1  厅  ・  55O  ・  北  ・  高楼层/22层  ・  简装,"
                双井                 ","
                    苹果社区南区                ",6480
整租・武夷花园・京贸国际城西区・1室,1  室  1  厅  ・  68O  ・  南  ・  中楼层/38层  ・  简装,"
                武夷花园                 ","
                    京贸国际城西区                ",3699
整租・安贞・安华里五区・2室,2  室  1  厅  ・  59O  ・  南北  ・  低楼层/5层  ・  简装,"
                安贞                 ","
                    安华里五区                ",7100
整租・苹果园・模式口西里・2室,2  室  1  厅  ・  61O  ・  东西  ・  高楼层/6层  ・  简装,"
                苹果园                 ","
                    模式口西里                ",4000
整租・刘家窑・石榴园北里・1室,1  室  1  厅  ・  50O  ・  南  ・  高楼层/6层  ・  简装,"
                刘家窑                 ","
                    石榴园北里                ",4500
整租・四季青・美丽西园・1室,1  室  1  厅  ・  53O  ・  南  ・  中楼层/10层  ・  简装,"
                四季青                 ","
                    美丽西园                ",6000
整租・北关・后窑小区・2室,2  室  1  厅  ・  79O  ・  南北  ・  中楼层/6层  ・  简装,"
                北关                 ","
                    后窑小区                ",3800
整租・五道口・展春园小区・1室,1  室  1  厅  ・  41O  ・  南  ・  高楼层/6层  ・  简装,"
                五道口                 ","
                    展春园小区                ",6500
整租・临河里・华业东方玫瑰D区・3室,3  室  1  厅  ・  98O  ・  南北  ・  中楼层/25层  ・  简装,"
                临河里                 ","
                    华业东方玫瑰D区                ",4900
整租・小西天・文慧园・2室,2  室  1  厅  ・  57O  ・  南北  ・  低楼层/6层  ・  简装,"
                小西天                 ","
                    文慧园                ",7200
整租・亚运村小营・太和小区・1室,1  室  1  厅  ・  36O  ・  南北  ・  中楼层/5层  ・  简装,"
                亚运村小营                 ","
                    太和小区                ",5460
整租・四惠・壹线国际惠泽园・2室,2  室  1  厅  ・  77O  ・  南  ・  低楼层/9层  ・  简装,"
                四惠                 ","
                    壹线国际惠泽园                ",6000
整租・方庄・芳群园四区・2室,2  室  1  厅  ・  61O  ・  西南  ・  中楼层/14层  ・  简装,"
                方庄                 ","
                    芳群园四区                ",5700
整租・清河・清河毛纺厂南小区・2室,2  室  1  厅  ・  54O  ・  南北  ・  高楼层/6层  ・  简装,"
                清河                 ","
                    清河毛纺厂南小区                ",5700
整租・国展・左家庄三区・2室,2  室  1  厅  ・  58O  ・  南北  ・  中楼层/6层  ・  简装,"
                国展                 ","
                    左家庄三区                ",6300
整租・望京・东洲家园・2室,2  室  1  厅  ・  88O  ・  东西  ・  高楼层/19层  ・  简装,"
                望京                 ","
                    东洲家园                ",5600
整租・方庄・10AM新坐标・1室,1  室  1  厅  ・  45O  ・  南  ・  高楼层/29层  ・  简装,"
                方庄                 ","
                    10AM新坐标                ",4850
整租・皂君庙・皂君东里・1室,1  室  1  厅  ・  36O  ・  东  ・  低楼层/6层  ・  简装,"
                皂君庙                 ","
                    皂君东里                ",6300
整租・紫竹桥・北洼西里・2室,2  室  1  厅  ・  54O  ・  西南  ・  中楼层/17层  ・  简装,"
                紫竹桥                 ","
                    北洼西里                ",7100
整租・西三旗・育新花园・1室,1  室  1  厅  ・  51O  ・  南北  ・  高楼层/6层  ・  简装,"
                西三旗                 ","
                    育新花园                ",5100
整租・崇文门・新景家园东区・1室,1  室  1  厅  ・  41O  ・  东  ・  高楼层/17层  ・  简装,"
                崇文门                 ","
                    新景家园东区                ",6200
整租・枣园・兴华园・2室,2  室  1  厅  ・  76O  ・  南北  ・  中楼层/6层  ・  简装,"
                枣园                 ","
                    兴华园                ",3900
整租・天通苑・天通苑东一区・2室,2  室  1  厅  ・  84O  ・  南  ・  中楼层/7层  ・  简装,"
                天通苑                 ","
                    天通苑东一区                ",5100
整租・南沙滩・北沙滩1号院・2室,2  室  1  厅  ・  52O  ・  南  ・  中楼层/5层  ・  简装,"
                南沙滩                 ","
                    北沙滩1号院                ",6600
整租・广渠门・东城区金桥国际公寓・1室,1  室  1  厅  ・  55O  ・  北  ・  中楼层/28层  ・  简装,"
                广渠门                 ","
                    东城区金桥国际公寓                ",6500
整租・马连洼・丽景苑・2室,2  室  1  厅  ・  62O  ・  南  ・  高楼层/10层  ・  简装,"
                马连洼                 ","
                    丽景苑                ",7200
整租・西二旗・西二旗铭科苑・1室,1  室  1  厅  ・  72O  ・  西南  ・  低楼层/18层  ・  简装,"
                西二旗                 ","
                    西二旗铭科苑                ",6500
整租・四惠・八里庄东里北巷・2室,2  室  1  厅  ・  57O  ・  南  ・  中楼层/6层  ・  简装,"
                四惠                 ","
                    八里庄东里北巷                ",5200
整租・红庙・慈云寺・1室,1  室  1  厅  ・  41O  ・  南  ・  中楼层/6层  ・  简装,"
                红庙                 ","
                    慈云寺                ",4800
整租・魏公村・万寿寺北里・2室,2  室  1  厅  ・  57O  ・  南北  ・  高楼层/5层  ・  简装,"
                魏公村                 ","
                    万寿寺北里                ",6769
整租・鲁谷・永乐西区・2室,2  室  1  厅  ・  56O  ・  南北  ・  高楼层/6层  ・  简装,"
                鲁谷                 ","
                    永乐西区                ",4100
整租・东花市・东花市北里中区・2室,2  室  1  厅  ・  55O  ・  南北  ・  低楼层/6层  ・  简装,"
                东花市                 ","
                    东花市北里中区                ",7300
整租・安定门・黄寺大街2号院・1室,1  室  1  厅  ・  41O  ・  南北  ・  中楼层/6层  ・  简装,"
                安定门                 ","
                    黄寺大街2号院                ",5800
整租・牛街・白广路6号院・1室,1  室  1  厅  ・  45O  ・  东  ・  高楼层/6层  ・  简装,"
                牛街                 ","
                    白广路6号院                ",5520
整租・东坝・单店西路2号院・1室,1  室  1  厅  ・  57O  ・  南  ・  低楼层/21层  ・  简装,"
                东坝                 ","
                    单店西路2号院                ",4500
整租・甜水园・马道口・2室,2  室  1  厅  ・  57O  ・  南北  ・  高楼层/6层  ・  简装,"
                甜水园                 ","
                    马道口                ",6300
整租・学院路・学院路14号院・1室,1  室  1  厅  ・  40O  ・  南  ・  高楼层/6层  ・  简装,"
                学院路                 ","
                    学院路14号院                ",6600
整租・十里堡・京棉新城（一厂）・2室,2  室  1  厅  ・  73O  ・  西北  ・  低楼层/32层  ・  简装,"
                十里堡                 ","
                    京棉新城（一厂）                ",6380
整租・双桥・康泉新城・2室,2  室  1  厅  ・  89O  ・  南  ・  中楼层/28层  ・  简装,"
                双桥                 ","
                    康泉新城                ",5200
整租・牡丹园・塔院迎春园・1室,1  室  1  厅  ・  38O  ・  东  ・  高楼层/17层  ・  简装,"
                牡丹园                 ","
                    塔院迎春园                ",6600
整租・安贞・安华西里一区・2室,2  室  1  厅  ・  50O  ・  南  ・  中楼层/21层  ・  简装,"
                安贞                 ","
                    安华西里一区                ",7300
整租・建国门・小羊宜宾胡同・1室,1  室  1  厅  ・  42O  ・  南  ・  中楼层/7层  ・  简装,"
                建国门                 ","
                    小羊宜宾胡同                ",5650
合租・和平街・和平街十三区・3室・房间C,3  室  1  厅  ・  11O  ・  西  ・  低楼层/5层  ・  简装,"
                和平街                 ","
                    和平街十三区                ",2800
整租・鼓楼大街・中东路121号院・2室,2  室  1  厅  ・  75O  ・  南北  ・  低楼层/28层  ・  简装,"
                鼓楼大街                 ","
                    中东路121号院                ",4900
整租・中关村・保福寺小区・1室,1  室  1  厅  ・  47O  ・  西  ・  中楼层/6层  ・  简装,"
                中关村                 ","
                    保福寺小区                ",7300
整租・广安门・荣丰2008・1室,1  室  1  厅  ・  26O  ・  东  ・  低楼层/28层  ・  简装,"
                广安门                 ","
                    荣丰2008                ",4100
整租・永定门・望坛新苑3号院・2室,2  室  1  厅  ・  71O  ・  南北  ・  中楼层/11层  ・  简装,"
                永定门                 ","
                    望坛新苑3号院                ",6700
整租・科技园区・万科蓝・2室,2  室  1  厅  ・  59O  ・  东  ・  中楼层/13层  ・  简装,"
                科技园区                 ","
                    万科蓝                ",5400
整租・天宁寺・天宁寺东里・2室,2  室  1  厅  ・  48O  ・  南北  ・  中楼层/5层  ・  简装,"
                天宁寺                 ","
                    天宁寺东里                ",5590
整租・北苑・华贸城9号院・2室,2  室  1  厅  ・  52O  ・  东西  ・  低楼层/18层  ・  简装,"
                北苑                 ","
                    华贸城9号院                ",6800
整租・双井・黄木厂6号院・1室,1  室  1  厅  ・  50O  ・  南北  ・  高楼层/6层  ・  简装,"
                双井                 ","
                    黄木厂6号院                ",5300
整租・立水桥・北方明珠・1室,1  室  1  厅  ・  55O  ・  南  ・  中楼层/35层  ・  简装,"
                立水桥                 ","
                    北方明珠                ",4800
整租・六铺炕・六铺炕二区・3室,3  室  1  厅  ・  102O  ・  东西  ・  高楼层/4层  ・  简装,"
                六铺炕                 ","
                    六铺炕二区                ",10800
整租・小西天・文慧园・2室,2  室  1  厅  ・  57O  ・  南北  ・  高楼层/6层  ・  简装,"
                小西天                 ","
                    文慧园                ",6850
整租・阜成门・北营房西里・1室,1  室  1  厅  ・  44O  ・  南  ・  高楼层/6层  ・  简装,"
                阜成门                 ","
                    北营房西里                ",6900
整租・鲁谷・远洋山水北区・2室,2  室  1  厅  ・  100O  ・  南北  ・  中楼层/26层  ・  简装,"
                鲁谷                 ","
                    远洋山水北区                ",7700
整租・阜成门・北营房西里・1室,1  室  1  厅  ・  41O  ・  南  ・  低楼层/6层  ・  简装,"
                阜成门                 ","
                    北营房西里                ",6500
整租・劲松・武圣东里・2室,2  室  1  厅  ・  54O  ・  南  ・  中楼层/6层  ・  简装,"
                劲松                 ","
                    武圣东里                ",5050
整租・木樨地・真武庙六里・2室,2  室  1  厅  ・  55O  ・  南  ・  高楼层/20层  ・  简装,"
                木樨地                 ","
                    真武庙六里                ",6900
整租・八角・八角北里・1室,1  室  1  厅  ・  44O  ・  南  ・  中楼层/6层  ・  简装,"
                八角                 ","
                    八角北里                ",3800
整租・宋家庄・安馨家苑・1室,1  室  1  厅  ・  49O  ・  南  ・  高楼层/25层  ・  简装,"
                宋家庄                 ","
                    安馨家苑                ",5400
整租・小西天・志强南园・1室,1  室  1  厅  ・  40O  ・  南北  ・  低楼层/10层  ・  简装,"
                小西天                 ","
                    志强南园                ",6500
整租・公主坟・翠微北里・1室,1  室  1  厅  ・  41O  ・  南  ・  高楼层/6层  ・  简装,"
                公主坟                 ","
                    翠微北里                ",5050
整租・六里桥・万丰路18号院・1室,1  室  1  厅  ・  60O  ・  西  ・  高楼层/26层  ・  简装,"
                六里桥                 ","
                    万丰路18号院                ",5500
整租・八角・八角南里・1室,1  室  1  厅  ・  53O  ・  西  ・  高楼层/6层  ・  简装,"
                八角                 ","
                    八角南里                ",4100
整租・公主坟・翠微南里・1室,1  室  1  厅  ・  34O  ・  西  ・  中楼层/6层  ・  简装,"
                公主坟                 ","
                    翠微南里                ",5100
整租・五道口・王庄路27号院・1室,1  室  1  厅  ・  42O  ・  南北  ・  高楼层/6层  ・  简装,"
                五道口                 ","
                    王庄路27号院                ",6700
整租・东花市・富贵园二区・1室,1  室  1  厅  ・  55O  ・  南  ・  中楼层/18层  ・  简装,"
                东花市                 ","
                    富贵园二区                ",6200
整租・东坝・康静里・1室,1  室  1  厅  ・  45O  ・  东  ・  中楼层/6层  ・  简装,"
                东坝                 ","
                    康静里                ",3500
整租・马家堡・晨光小区・2室,2  室  1  厅  ・  53O  ・  南北  ・  中楼层/6层  ・  简装,"
                马家堡                 ","
                    晨光小区                ",5888
合租・三元桥・三源里南小街・3室・房间C,3  室  1  厅  ・  7O  ・  东  ・  高楼层/12层  ・  简装,"
                三元桥                 ","
                    三源里南小街                ",1700
整租・古城・拾景名苑・1室,1  室  1  厅  ・  57O  ・  南北  ・  低楼层/21层  ・  简装,"
                古城                 ","
                    拾景名苑                ",4300
整租・四季青・美丽西园・2室,2  室  1  厅  ・  62O  ・  南  ・  低楼层/10层  ・  简装,"
                四季青                 ","
                    美丽西园                ",6800
整租・永定门・定安里・2室,2  室  1  厅  ・  50O  ・  南  ・  低楼层/6层  ・  简装,"
                永定门                 ","
                    定安里                ",5250
整租・高碑店・南太平庄北巷・2室,2  室  1  厅  ・  54O  ・  南  ・  高楼层/6层  ・  简装,"
                高碑店                 ","
                    南太平庄北巷                ",4700
整租・双榆树・满庭芳园・2室,2  室  1  厅  ・  90O  ・  南  ・  中楼层/25层  ・  简装,"
                双榆树                 ","
                    满庭芳园                ",10800
整租・惠新西街・惠新里・1室,1  室  1  厅  ・  43O  ・  南  ・  中楼层/20层  ・  简装,"
                惠新西街                 ","
                    惠新里                ",6400
整租・管庄・京通苑・1室,1  室  1  厅  ・  63O  ・  东南  ・  高楼层/24层  ・  简装,"
                管庄                 ","
                    京通苑                ",4450
整租・菜户营・金泰城丽湾・1室,1  室  1  厅  ・  64O  ・  南  ・  中楼层/21层  ・  简装,"
                菜户营                 ","
                    金泰城丽湾                ",6200
整租・红庙・红庙北里・2室,2  室  1  厅  ・  60O  ・  东西  ・  高楼层/3层  ・  简装,"
                红庙                 ","
                    红庙北里                ",6560
整租・鲁谷・永乐小区・2室,2  室  1  厅  ・  65O  ・  南北  ・  高楼层/6层  ・  简装,"
                鲁谷                 ","
                    永乐小区                ",5000
合租・宋家庄・嘉和人家・4室・房间C,4  室  1  厅  ・  9O  ・  北  ・  中楼层/21层  ・  简装,"
                宋家庄                 ","
                    嘉和人家                ",2150
整租・定慧寺・八里庄61号院・2室,2  室  1  厅  ・  59O  ・  南北  ・  高楼层/8层  ・  简装,"
                定慧寺                 ","
                    八里庄61号院                ",6400
整租・酒仙桥・驼房营南里・2室,2  室  1  厅  ・  75O  ・  南北  ・  低楼层/6层  ・  简装,"
                酒仙桥                 ","
                    驼房营南里                ",6300
整租・安贞・安华西里三区・2室,2  室  1  厅  ・  57O  ・  东  ・  高楼层/10层  ・  简装,"
                安贞                 ","
                    安华西里三区                ",7250
整租・宋家庄・鑫兆雅园北区・1室,1  室  1  厅  ・  47O  ・  南  ・  高楼层/24层  ・  简装,"
                宋家庄                 ","
                    鑫兆雅园北区                ",5300
整租・梨园・时尚街区西区・2室,2  室  1  厅  ・  64O  ・  东北  ・  高楼层/10层  ・  简装,"
                梨园                 ","
                    时尚街区西区                ",4550
整租・管庄・管庄北一里・2室,2  室  1  厅  ・  56O  ・  南  ・  高楼层/5层  ・  简装,"
                管庄                 ","
                    管庄北一里                ",4700
整租・马连洼・水利社区・2室,2  室  1  厅  ・  53O  ・  南北  ・  中楼层/5层  ・  简装,"
                马连洼                 ","
                    水利社区                ",6300
整租・牡丹园・花园北路乙28号院・2室,2  室  1  厅  ・  53O  ・  南北  ・  高楼层/6层  ・  简装,"
                牡丹园                 ","
                    花园北路乙28号院                ",7400
整租・常营・北辰福第南区・2室,2  室  1  厅  ・  85O  ・  南北  ・  高楼层/15层  ・  简装,"
                常营                 ","
                    北辰福第南区                ",6000
整租・常营・富力阳光美园・2室,2  室  1  厅  ・  88O  ・  南  ・  低楼层/27层  ・  简装,"
                常营                 ","
                    富力阳光美园                ",6300
整租・天通苑・天通苑东一区・2室,2  室  1  厅  ・  89O  ・  南北  ・  中楼层/6层  ・  简装,"
                天通苑                 ","
                    天通苑东一区                ",5300
整租・北苑・华贸城7号院・1室,1  室  1  厅  ・  54O  ・  西南  ・  中楼层/28层  ・  简装,"
                北苑                 ","
                    华贸城7号院                ",5700
整租・奥林匹克公园・林萃路10号院・2室,2  室  1  厅  ・  58O  ・  南北  ・  中楼层/7层  ・  简装,"
                奥林匹克公园                 ","
                    林萃路10号院                ",6200
整租・通州北苑・通州杨庄小区・2室,2  室  1  厅  ・  65O  ・  南北  ・  高楼层/6层  ・  简装,"
                通州北苑                 ","
                    通州杨庄小区                ",3700
整租・官园・柳巷15号院・2室,2  室  1  厅  ・  58O  ・  南北  ・  高楼层/6层  ・  简装,"
                官园                 ","
                    柳巷15号院                ",9600
整租・小西天・红联北村・1室,1  室  1  厅  ・  44O  ・  东  ・  高楼层/6层  ・  简装,"
                小西天                 ","
                    红联北村                ",5300
整租・天宁寺・天宁寺东里・2室,2  室  1  厅  ・  47O  ・  南北  ・  低楼层/5层  ・  简装,"
                天宁寺                 ","
                    天宁寺东里                ",5600
整租・四惠・八里庄东里・2室,2  室  1  厅  ・  56O  ・  南北  ・  中楼层/6层  ・  简装,"
                四惠                 ","
                    八里庄东里                ",5200
整租・苹果园・模式口南里・2室,2  室  1  厅  ・  62O  ・  南  ・  低楼层/16层  ・  简装,"
                苹果园                 ","
                    模式口南里                ",4000
整租・木樨地・西便门西里・1室,1  室  1  厅  ・  42O  ・  南  ・  中楼层/6层  ・  简装,"
                木樨地                 ","
                    西便门西里                ",5350
整租・杨庄・八角北路11号院・1室,1  室  1  厅  ・  39O  ・  南  ・  低楼层/7层  ・  简装,"
                杨庄                 ","
                    八角北路11号院                ",3800
整租・宋家庄・南方庄甲70号院・1室,1  室  1  厅  ・  71O  ・  南北  ・  中楼层/6层  ・  简装,"
                宋家庄                 ","
                    南方庄甲70号院                ",4350
整租・六里桥・莲宝路10号院・2室,2  室  1  厅  ・  59O  ・  南北  ・  高楼层/6层  ・  简装,"
                六里桥                 ","
                    莲宝路10号院                ",5700
整租・成寿寺・四方景园三区・2室,2  室  1  厅  ・  57O  ・  北  ・  低楼层/17层  ・  简装,"
                成寿寺                 ","
                    四方景园三区                ",5600
整租・管庄・管庄周井大院・1室,1  室  1  厅  ・  45O  ・  南  ・  高楼层/5层  ・  简装,"
                管庄                 ","
                    管庄周井大院                ",3800
整租・德胜门・德胜里一区・2室,2  室  1  厅  ・  45O  ・  南  ・  高楼层/6层  ・  简装,"
                德胜门                 ","
                    德胜里一区                ",6500
整租・双井・百环家园・1室,1  室  1  厅  ・  57O  ・  北  ・  中楼层/28层  ・  简装,"
                双井                 ","
                    百环家园                ",6150
整租・金融街・宣武门西大街・1室,1  室  1  厅  ・  37O  ・  南  ・  高楼层/13层  ・  简装,"
                金融街                 ","
                    宣武门西大街                ",6000
整租・望京・花家地南里・1室,1  室  1  厅  ・  49O  ・  南  ・  高楼层/6层  ・  简装,"
                望京                 ","
                    花家地南里                ",4999
整租・临河里・华远铭悦园北区・1室,1  室  1  厅  ・  58O  ・  南  ・  低楼层/30层  ・  简装,"
                临河里                 ","
                    华远铭悦园北区                ",3500
整租・安定门・安外西河沿路2号院・2室,2  室  1  厅  ・  87O  ・  南北  ・  中楼层/11层  ・  简装,"
                安定门                 ","
                    安外西河沿路2号院                ",12800
整租・方庄・芳群园二区・1室,1  室  1  厅  ・  41O  ・  东南  ・  低楼层/27层  ・  简装,"
                方庄                 ","
                    芳群园二区                ",5200
整租・燕莎・霞光里30号院・2室,2  室  1  厅  ・  55O  ・  南北  ・  低楼层/6层  ・  简装,"
                燕莎                 ","
                    霞光里30号院                ",6500
整租・华威桥・南新园・1室,1  室  1  厅  ・  55O  ・  南  ・  中楼层/26层  ・  简装,"
                华威桥                 ","
                    南新园                ",4800
